<?xml version="1.0" encoding="UTF-8"?>
<ProcessModelConfiguration xmlns="http://www.interwoven.com/schema/modelConfig"><Script id="TagFileIsTrue"><Source><![CDATA["$IW_CV(TagFlag)" == "true" ? "true" : "false";]]></Source><Property name="NodeId">Publish LiveSite Content</Property><Property name="PropertyName">Global Variables</Property><Property name="NodeType">ModelProperties</Property></Script><Config id="RSS_feed_delay"><Label>RSS Feed Delay</Label><Description>Number of seconds to delay before updating RSS feed</Description><Value>60</Value><Hidden>true</Hidden><Readonly>true</Readonly><Property name="NodeId">Publish LiveSite Content</Property><Property name="Mandatory">false</Property><Property name="PropertyName">Global Variables</Property><Property name="NodeType">ModelProperties</Property><Property name="UIWidget">text</Property><Property name="IsGlobal">true</Property></Config><Script id="ProdDeployNotRequired"><Source><![CDATA[( "$IW_CV(ProductionFlag)" == "false" && "$IW_CV(ProductionTestFlag)" == "false" && "$IW_CV(StagingFlag)" == "false") ? "true" : "false"]]></Source><Property name="NodeId">Publish LiveSite Content</Property><Property name="PropertyName">Global Variables</Property><Property name="NodeType">ModelProperties</Property></Script><Script id="StagingFlagIsTrue"><Source><![CDATA["$IW_CV(StagingFlag)" == "true" ? "true" : "false"]]></Source><Property name="NodeId">Publish LiveSite Content</Property><Property name="PropertyName">Global Variables</Property><Property name="NodeType">ModelProperties</Property></Script><Datasource id="Reviewer"><Label>Reviewer</Label><Description></Description><Component type="DataSource">LiveSite Reviewers</Component><Value></Value><Hidden>false</Hidden><Readonly>false</Readonly><Property name="NodeId">Publish LiveSite Content</Property><Property name="Mandatory">false</Property><Property name="PropertyName">Global Variables</Property><Property name="NodeType">ModelProperties</Property><Property name="UIWidget">text</Property><Property name="IsGlobal">true</Property></Datasource><Config id="ReviewFlag"><Label>Review Required?</Label><Description></Description><Value>false</Value><Hidden>true</Hidden><Readonly>false</Readonly><Property name="NodeId">Publish LiveSite Content</Property><Property name="Mandatory">false</Property><Property name="PropertyName">Global Variables</Property><Property name="NodeType">ModelProperties</Property><Property name="UIWidget">text</Property><Property name="IsGlobal">true</Property></Config><Script id="AttachFilesTargetNodes"><Source><![CDATA["development" + (  /** if production is true then append the production string */  ( "$IW_CV(ProductionFlag)" == "true" )  ? ",production"   : "");]]></Source><Property name="NodeId">Attach Deployment Target</Property><Property name="PropertyName">Variables</Property><Property name="NodeType">CGITask</Property></Script><Config id="JobDescription"><Label>Job Description</Label><Description>The description of the current job.</Description><Value></Value><Hidden>false</Hidden><Readonly>false</Readonly><Property name="NodeId">Publish LiveSite Content</Property><Property name="Mandatory">false</Property><Property name="PropertyName">Global Variables</Property><Property name="NodeType">ModelProperties</Property><Property name="UIWidget">text</Property><Property name="IsGlobal">true</Property></Config><Script id="CreativePageType"><Source><![CDATA["$IW_CV(ConvertPagesToHtmlFlag)"  == "true" ? "html": "page"]]></Source><Property name="NodeId">OptimostCreatives</Property><Property name="PropertyName">Variables</Property><Property name="NodeType">CGITask</Property></Script><Script id="ScriptProductionFlag"><Source><![CDATA["$IW_CV(TargetNodes)".indexOf("production") > -1 ? "true" : "false"]]></Source><Property name="NodeId">Publish LiveSite Content</Property><Property name="PropertyName">Global Variables</Property><Property name="NodeType">ModelProperties</Property></Script><Config id="RSS_feed_URL"><Label>RSS Feed URL</Label><Description>RSS feed to download from</Description><Value>http://feeds2.feedburner.com/upsnews</Value><Hidden>true</Hidden><Readonly>true</Readonly><Property name="NodeId">Publish LiveSite Content</Property><Property name="Mandatory">false</Property><Property name="PropertyName">Global Variables</Property><Property name="NodeType">ModelProperties</Property><Property name="UIWidget">text</Property><Property name="IsGlobal">true</Property></Config><Config id="DefaultJobDescription"><Label>Default Job Description</Label><Description>The default job description, used if one is not provided at instantiation time by the job creator.</Description><Value>Publishes content to one or more target nodes, optionally including a review / revision loop.</Value><Hidden>false</Hidden><Readonly>false</Readonly><Property name="NodeId">Publish LiveSite Content</Property><Property name="Mandatory">false</Property><Property name="PropertyName">Global Variables</Property><Property name="NodeType">ModelProperties</Property><Property name="UIWidget">text</Property><Property name="IsGlobal">true</Property></Config><Config id="SubmitFlag"><Label>Submit Files?</Label><Description></Description><Value>false</Value><Hidden>true</Hidden><Readonly>true</Readonly><Property name="NodeId">Publish LiveSite Content</Property><Property name="Mandatory">false</Property><Property name="PropertyName">Global Variables</Property><Property name="NodeType">ModelProperties</Property><Property name="UIWidget">text</Property><Property name="IsGlobal">true</Property></Config><Config id="ProductionFlag"><Label>Deploy to Production?</Label><Description></Description><Value>false</Value><Hidden>true</Hidden><Readonly>true</Readonly><Property name="NodeId">Publish LiveSite Content</Property><Property name="Mandatory">false</Property><Property name="PropertyName">Global Variables</Property><Property name="NodeType">ModelProperties</Property><Property name="UIWidget">text</Property><Property name="IsGlobal">true</Property></Config><Config id="ProductionTestFlag"><Label>Deploy to Production Test?</Label><Description></Description><Value>false</Value><Hidden>true</Hidden><Readonly>true</Readonly><Property name="NodeId">Publish LiveSite Content</Property><Property name="Mandatory">false</Property><Property name="PropertyName">Global Variables</Property><Property name="NodeType">ModelProperties</Property><Property name="UIWidget">text</Property><Property name="IsGlobal">true</Property></Config><Script id="ProdDeployRequired"><Source><![CDATA[( "$IW_CV(ProductionFlag)" == "false" && "$IW_CV(ProductionTestFlag)" == "false" && "$IW_CV(StagingFlag)" == "false") ? "false" : "true"]]></Source><Property name="NodeId">Publish LiveSite Content</Property><Property name="PropertyName">Global Variables</Property><Property name="NodeType">ModelProperties</Property></Script><Script id="ReviewFlagIsTrue"><Source><![CDATA["$IW_CV(ReviewFlag)" == "true" ? "true" : "false"]]></Source><Property name="NodeId">Publish LiveSite Content</Property><Property name="PropertyName">Global Variables</Property><Property name="NodeType">ModelProperties</Property></Script><Config id="AuthorCommentsForReviewer"><Label>Comments For Reviewer</Label><Description>These comments are included in the reviewer notification email.</Description><Value></Value><Hidden>false</Hidden><Readonly>false</Readonly><Property name="NodeId">Publish LiveSite Content</Property><Property name="Mandatory">false</Property><Property name="PropertyName">Global Variables</Property><Property name="NodeType">ModelProperties</Property><Property name="UIWidget">text</Property><Property name="IsGlobal">true</Property></Config><Script id="ProductionFlagIsTrue"><Source><![CDATA["$IW_CV(ProductionFlag)" == "true" ? "true" : "false"]]></Source><Property name="NodeId">Publish LiveSite Content</Property><Property name="PropertyName">Global Variables</Property><Property name="NodeType">ModelProperties</Property></Script><Script id="SubmitFlagIsTrue"><Source><![CDATA["$IW_CV(SubmitFlag)" == "true" ? "true" : "false";]]></Source><Property name="NodeId">Publish LiveSite Content</Property><Property name="PropertyName">Global Variables</Property><Property name="NodeType">ModelProperties</Property></Script><Script id="DoNotConvertPagesHTML"><Source><![CDATA["$IW_CV(ConvertPagesToHtmlFlag)" == "true" ? "false" : "true";]]></Source><Property name="NodeId">Publish LiveSite Content</Property><Property name="PropertyName">Global Variables</Property><Property name="NodeType">ModelProperties</Property></Script><Script id="ReviewFlagIsFalse"><Source><![CDATA["$IW_CV(ReviewFlag)" == "false" ? "true" : "false"]]></Source><Property name="NodeId">Publish LiveSite Content</Property><Property name="PropertyName">Global Variables</Property><Property name="NodeType">ModelProperties</Property></Script><Config id="RSS_File_Path"><Label>RSS File Path</Label><Description>Path and filename to be used when saving the RSS feed</Description><Value>/tmp/rss.xml</Value><Hidden>true</Hidden><Readonly>true</Readonly><Property name="NodeId">Publish LiveSite Content</Property><Property name="Mandatory">false</Property><Property name="PropertyName">Global Variables</Property><Property name="NodeType">ModelProperties</Property><Property name="UIWidget">text</Property><Property name="IsGlobal">true</Property></Config><Script id="DeployFilesSuccessMessage"><Source><![CDATA[if( "$IW_CV(ReviewFlag)" == "true" ){   "Your files have been sent for review.";}else{  "Your files have been published.";}]]></Source><Property name="NodeId">Deploy Files</Property><Property name="PropertyName">Variables</Property><Property name="NodeType">CGITask</Property></Script><Config id="StagingFlag"><Label>Deploy to Staging?</Label><Description></Description><Value>false</Value><Hidden>true</Hidden><Readonly>true</Readonly><Property name="NodeId">Publish LiveSite Content</Property><Property name="Mandatory">false</Property><Property name="PropertyName">Global Variables</Property><Property name="NodeType">ModelProperties</Property><Property name="UIWidget">text</Property><Property name="IsGlobal">true</Property></Config><Script id="ConvertPagesToHtmlIsTrue"><Source><![CDATA["$IW_CV(ConvertPagesToHtmlFlag)" == "true" ? "true" : "false";]]></Source><Property name="NodeId">Publish LiveSite Content</Property><Property name="PropertyName">Global Variables</Property><Property name="NodeType">ModelProperties</Property></Script><Config id="TagFlag"><Label>Tag Files?</Label><Description></Description><Value>true</Value><Hidden>true</Hidden><Readonly>true</Readonly><Property name="NodeId">Publish LiveSite Content</Property><Property name="Mandatory">false</Property><Property name="PropertyName">Global Variables</Property><Property name="NodeType">ModelProperties</Property><Property name="UIWidget">text</Property><Property name="IsGlobal">true</Property></Config><Script id="ProductionFlagIsFalse"><Source><![CDATA["$IW_CV(ProductionFlag)" == "false" ? "true" : "false"]]></Source><Property name="NodeId">Publish LiveSite Content</Property><Property name="PropertyName">Global Variables</Property><Property name="NodeType">ModelProperties</Property></Script><Script id="SubmitFlagIsFalse"><Source><![CDATA["$IW_CV(SubmitFlag)" == "true" ? "false" : "true";]]></Source><Property name="NodeId">Publish LiveSite Content</Property><Property name="PropertyName">Global Variables</Property><Property name="NodeType">ModelProperties</Property></Script><Script id="ProductionTestFlagIsTrue"><Source><![CDATA["$IW_CV(ProductionTestFlag)" == "true" ? "true" : "false"]]></Source><Property name="NodeId">Publish LiveSite Content</Property><Property name="PropertyName">Global Variables</Property><Property name="NodeType">ModelProperties</Property></Script><Script id="ProductionTestFlagIsFalse"><Source><![CDATA["$IW_CV(ProductionTestFlag)" == "false" ? "true" : "false"]]></Source><Property name="NodeId">Publish LiveSite Content</Property><Property name="PropertyName">Global Variables</Property><Property name="NodeType">ModelProperties</Property></Script><Config id="ConvertPagesToHtmlFlag"><Label>Convert Pages to HTML</Label><Description>Converts LiveSite pages to static html.</Description><Value>false</Value><Hidden>false</Hidden><Readonly>false</Readonly><Property name="NodeId">Publish LiveSite Content</Property><Property name="Mandatory">false</Property><Property name="PropertyName">Global Variables</Property><Property name="NodeType">ModelProperties</Property><Property name="UIWidget">text</Property><Property name="IsGlobal">true</Property></Config><Script id="DeployFilesTargetNodes"><Source><![CDATA["development" + (  /** if production is true and there's no review, all in one step! */  ( "$IW_CV(ProductionFlag)" == "true"      && "$IW_CV(ReviewFlag)" == "false" )  ? ",production"   : "");]]></Source><Property name="NodeId">Publish LiveSite Content</Property><Property name="PropertyName">Global Variables</Property><Property name="NodeType">ModelProperties</Property></Script><Script id="GetJobDescription"><Source><![CDATA[var d = "$IW_CV(JobDescription)";if ( d == "" ){   "$IW_CV(DefaultJobDescription)" }else{  d;}]]></Source><Property name="NodeId">Publish LiveSite Content</Property><Property name="PropertyName">Global Variables</Property><Property name="NodeType">ModelProperties</Property></Script><Config id="TargetNodes"><Label>Target Nodes</Label><Description></Description><Value>development</Value><Hidden>false</Hidden><Readonly>false</Readonly><Property name="NodeId">Publish LiveSite Content</Property><Property name="Mandatory">false</Property><Property name="PropertyName">Global Variables</Property><Property name="NodeType">ModelProperties</Property><Property name="UIWidget">text</Property><Property name="IsGlobal">true</Property></Config><Script id="StagingFlagIsFalse"><Source><![CDATA["$IW_CV(StagingFlag)" == "false" ? "true" : "false"]]></Source><Property name="NodeId">Publish LiveSite Content</Property><Property name="PropertyName">Global Variables</Property><Property name="NodeType">ModelProperties</Property></Script><Script id="TagFileIsFalse"><Source><![CDATA["$IW_CV(TagFlag)" == "false" ? "true" : "false";]]></Source><Property name="NodeId">Publish LiveSite Content</Property><Property name="PropertyName">Global Variables</Property><Property name="NodeType">ModelProperties</Property></Script></ProcessModelConfiguration>
