{"resourceId":"oryx-canvas123","properties":{"Owner":"$IW_USER","Priority":"2","Brief Description":"$IW_CV(JobDescription)","Description":"$IW_SCRIPT(GetJobDescription)","DueDate":"","Global Variables":"$IW_SCRIPT(TagFileIsFalse)|$IW_SCRIPT(TagFileIsTrue)|$IW_SCRIPT(SubmitFlagIsTrue)|$IW_CV(TagFlag)|$IW_CV(SubmitFlag)|$IW_DS(Reviewer)|$IW_CV(TargetNodes)|$IW_CV(ReviewFlag)|$IW_SCRIPT(ProductionFlagIsFalse)|$IW_SCRIPT(ReviewFlagIsFalse)|$IW_SCRIPT(ReviewFlagIsTrue)|$IW_SCRIPT(DeployFilesTargetNodes)|$IW_CV(JobDescription)|$IW_CV(AuthorCommentsForReviewer)|$IW_SCRIPT(GetJobDescription)|$IW_CV(DefaultJobDescription)|$IW_SCRIPT(ConvertPagesToHtmlIsTrue)|$IW_CV(ConvertPagesToHtmlFlag)|$IW_SCRIPT(StagingFlagIsFalse)|$IW_SCRIPT(StagingFlagIsTrue)|$IW_SCRIPT(ProductionTestFlagIsFalse)|$IW_SCRIPT(ProductionTestFlagIsTrue)|$IW_SCRIPT(ProdDeployRequired)|$IW_SCRIPT(ProdDeployNotRequired)|$IW_CV(ProductionTestFlag)|$IW_CV(StagingFlag)|$IW_SCRIPT(ProductionFlagIsTrue)|$IW_CV(RSS_feed_delay)|$IW_CV(RSS_feed_URL)|$IW_CV(RSS_File_Path)|$IW_CV(ProductionFlag)|$IW_SCRIPT(SubmitFlagIsFalse)|$IW_SCRIPT(DoNotConvertPagesHTML)","VAVariables":"va_show_cycles=all|va_create_snapshots=unlimited|va_default_page=snapshot|va_show_live_option=true|va_which_snapshot=last|va_show_save_button=true|va_show_reviewers=all|va_enabled=no","Variables":"","PostProcessorCommand":"","PreProcessorCommand":"","Name":"Publish LiveSite Content","id":"Publish LiveSite Content","ActivationCount":"","Version":"1.0.0.1","Status":"","Valid":"true","File Comments":"true"},"stencil":{"id":"ModelProperties"},"childShapes":[{"resourceId":"oryx_581A4A43-0F16-46A1-8BA3-FE8B8398C447","properties":{"y":"53.700073","x":"31.0","Name":"Start Job","id":"Start Job","CSSclass":"Event"},"stencil":{"id":"Start"},"childShapes":[],"outgoing":[{"resourceId":"oryx_82932621-2F67-4B8D-B852-90DF2997825A"}],"bounds":{"lowerRight":{"x":79,"y":338.75},"upperLeft":{"x":45,"y":304.75}},"dockers":[]},{"resourceId":"oryx_BFE05472-0140-4564-87B3-809DB298095F","properties":{"y":"682.75","x":"1356.0","AreaVPath":"$IW_WORKAREA","Brief Description":"","Description":"Provides an opportunity to resolve errors that caused the production failure and retry the production deployment.","Name":"Resolve Production Deployment Error","id":"Resolve Production Deployment Error","Eafinishop":"","Eastartop":"","Wfvarfinishop":"","Wfvarstartop":"","Lock":"false","Readonly":"false","Transferonly":"false","Owner":"$IW_USER","Variables":"","CSSclass":"Task","ActivationCount":"0","Status":"none","Valid":"true","BackgroundColor":"#c0c0c0","TaskType":"ItsUserTask"},"stencil":{"id":"UserTask"},"childShapes":[],"outgoing":[{"resourceId":"oryx_DAF0E7C8-9BFB-47BE-B6B0-D058F6A775E2"}],"bounds":{"lowerRight":{"x":1930.6173225085278,"y":1027},"upperLeft":{"x":1828.6173225085278,"y":945}},"dockers":[]},{"resourceId":"oryx_DBE2306F-AB5F-45A4-90A7-8BB8D27648E1","properties":{"y":"62.75","x":"1397.0","AreaVPath":"$IW_WORKAREA","Brief Description":"","Description":"Review the job files and either approve them or return them to the author for revision with comments.","Name":"Review Files","id":"Review Files","Eafinishop":"","Eastartop":"","Wfvarfinishop":"","Wfvarstartop":"","Lock":"false","Readonly":"false","Transferonly":"false","Owner":"$IW_DS(Reviewer)","Variables":"","CSSclass":"Task","ActivationCount":"0","Status":"none","Valid":"true","BackgroundColor":"#c0c0c0","TaskType":"ItsUserTask"},"stencil":{"id":"UserTask"},"childShapes":[],"outgoing":[{"resourceId":"oryx_3EA0834F-3852-4FFC-9A94-701DF16574A0"},{"resourceId":"oryx_12E361FA-8E99-4AE7-8688-23A666B983C3"}],"bounds":{"lowerRight":{"x":1697,"y":362.75},"upperLeft":{"x":1595,"y":280.75}},"dockers":[]},{"resourceId":"oryx_E1AC284A-ED11-4E18-9E7A-05FD1851CCA0","properties":{"y":"398.75","x":"1402.0","AreaVPath":"$IW_WORKAREA","Brief Description":"","Description":"Update job assets based on reviewer feedback.","Name":"Revise Files","id":"Revise Files","Eafinishop":"","Eastartop":"","Wfvarfinishop":"","Wfvarstartop":"","Lock":"false","Readonly":"false","Transferonly":"false","Owner":"$IW_USER","Variables":"","CSSclass":"Task","ActivationCount":"0","Status":"none","Valid":"true","BackgroundColor":"#c0c0c0","TaskType":"ItsUserTask"},"stencil":{"id":"UserTask"},"childShapes":[],"outgoing":[{"resourceId":"oryx_9A66D17C-7043-4348-98B7-A2CBA9B8C6D6"}],"bounds":{"lowerRight":{"x":1737,"y":712},"upperLeft":{"x":1635,"y":630}},"dockers":[]},{"resourceId":"oryx_AAA15964-7D8A-4A58-BBB7-2884E3A2E482","properties":{"y":"56.833344","x":"249.0","AreaVPath":"$IW_WORKAREA","Brief Description":"","Description":"Attaches dependent files to the job.","Name":"Attach Dependencies","id":"Attach Dependencies","CSSclass":"Task","Owner":"$IW_USER","CGIScriptName":"/iw-cc/Workflow/WebTask.do","Immediate":"true","Lock":"false","Readonly":"false","Transferonly":"false","Variables":"ImmediateTransition=true|TaskBeanId=workflow.task.DependencyTask|TargetNodes=$IW_CV(TargetNodes)","Eafinishop":"","Eastartop":"","Wfvarfinishop":"","Wfvarstartop":"","ActivationCount":"0","Status":"none","Valid":"true","BackgroundColor":"#c0c0c0","TaskType":"ItsCGITask"},"stencil":{"id":"CGITask"},"childShapes":[],"outgoing":[{"resourceId":"oryx_F275D9C1-F651-499B-875D-88B29DE24015"},{"resourceId":"oryx_554FC2CF-743E-4CF6-BDB3-E7960297C3DE"}],"bounds":{"lowerRight":{"x":312,"y":362.75},"upperLeft":{"x":210,"y":280.75}},"dockers":[]},{"resourceId":"oryx_2FA12246-0DC2-4A47-AB7B-27D74B2256A6","properties":{"y":"48.416626","x":"928.0","AreaVPath":"$IW_WORKAREA","Brief Description":"","Description":"Deploys content and metadata to one or more target environments.","Name":"Deploy Files","id":"Deploy Files","CSSclass":"Task","Owner":"$IW_USER","CGIScriptName":"/iw-cc/Workflow/WebTask.do","Immediate":"true","Lock":"false","Readonly":"false","Transferonly":"false","Variables":"TaskBeanId=workflow.task.DeploymentTask|TargetNodes=$IW_SCRIPT(DeployFilesTargetNodes)|ImmediateTransition=false|SuccessMessage=$IW_SCRIPT(DeployFilesSuccessMessage)","Eafinishop":"","Eastartop":"","Wfvarfinishop":"","Wfvarstartop":"","ActivationCount":"0","Status":"none","Valid":"true","BackgroundColor":"#c0c0c0","TaskType":"ItsCGITask"},"stencil":{"id":"CGITask"},"childShapes":[],"outgoing":[{"resourceId":"oryx_84A478B8-95A2-434F-83A9-ADD15F94D184"},{"resourceId":"oryx_FA9BCF26-F862-4647-A9A5-BD94B7503C2D"}],"bounds":{"lowerRight":{"x":1228,"y":362.75},"upperLeft":{"x":1126,"y":280.75}},"dockers":[]},{"resourceId":"oryx_72F377A2-466C-442F-88A0-9B62DDA2A8AB","properties":{"y":"423.83337","x":"748.0","AreaVPath":"$IW_WORKAREA","Brief Description":"","Description":"Displays job errors requiring resolution and provides an opportunity to restart at the active task.","Name":"Resolve Job Error","id":"Resolve Job Error","CSSclass":"Task","Owner":"$IW_USER","CGIScriptName":"/iw-cc/Workflow/WebTask.do","Immediate":"true","Lock":"false","Readonly":"false","Transferonly":"false","Variables":"ImmediateTransition=true|TaskBeanId=workflow.task.ResolveErrorTask","Eafinishop":"","Eastartop":"","Wfvarfinishop":"","Wfvarstartop":"","ActivationCount":"0","Status":"none","Valid":"true","BackgroundColor":"#c0c0c0","TaskType":"ItsCGITask"},"stencil":{"id":"CGITask"},"childShapes":[],"outgoing":[{"resourceId":"oryx_7CAD5E66-3AB4-4AF6-914D-A73D54EB723B"},{"resourceId":"oryx_457C8D29-0C38-452B-80CD-7A55BF6DC50D"},{"resourceId":"oryx_825E4A78-8256-47F5-B1D1-25FC87616114"},{"resourceId":"oryx_0C57C535-4695-4485-A390-BC7D9FC64BA3"},{"resourceId":"oryx_76413491-076E-49AD-93F8-AC4C81DF3730"},{"resourceId":"oryx_223959E2-13C6-4993-9109-0A775CC05811"},{"resourceId":"oryx_FEBE8DB8-A334-494C-BB4D-73A11BBC5063"},{"resourceId":"oryx_FF1A35BA-322B-40EC-AAE5-3516555A96CE"},{"resourceId":"oryx_C715BDBB-7650-44CC-8FD1-36237A9EBAE3"},{"resourceId":"oryx_77938494-784F-4812-9E4C-3B5CB524F5A7"},{"resourceId":"oryx_B1C4ADBB-2237-4F82-B4DA-4BAE54866B65"},{"resourceId":"oryx_4BFC086F-4DBD-4AD2-939D-ED56957E261A"},{"resourceId":"oryx_2203A3B1-4AE1-43B3-B619-6C303D841D04"},{"resourceId":"oryx_BBA2AB30-F23A-40FC-849D-A27046360440"}],"bounds":{"lowerRight":{"x":1047,"y":652},"upperLeft":{"x":945,"y":570}},"dockers":[]},{"resourceId":"oryx_936BF756-2C3B-479D-A694-C557F411C029","properties":{"y":"329.83334","x":"246.0","AreaVPath":"$IW_WORKAREA","Brief Description":"","Description":"Generates static HTML files from LiveSite pages.","Name":"Generate HTML","id":"Generate HTML","CSSclass":"Task","Owner":"$IW_USER","CGIScriptName":"/iw-cc/Workflow/WebTask.do","Immediate":"true","Lock":"false","Readonly":"false","Transferonly":"false","Variables":"ImmediateTransition=true|Processor=com.interwoven.livesite.model.page.PostRenderingProcessor|Suffix=.html|TaskBeanId=workflow.task.PageConversionTask|DestinationDirectory=html/${siteName}","Eafinishop":"","Eastartop":"","Wfvarfinishop":"","Wfvarstartop":"","ActivationCount":"0","Status":"none","Valid":"true","BackgroundColor":"#c0c0c0","TaskType":"ItsCGITask"},"stencil":{"id":"CGITask"},"childShapes":[],"outgoing":[{"resourceId":"oryx_97963052-C2B3-4300-A42A-1060EFF79946"},{"resourceId":"oryx_ECFF509D-AAE3-46B5-BA89-ECA812DE134E"}],"bounds":{"lowerRight":{"x":387,"y":682},"upperLeft":{"x":285,"y":600}},"dockers":[]},{"resourceId":"oryx_045F05BC-F120-4F8C-A4BC-46E3A56C4353","properties":{"y":"184.75","x":"477.0","AreaVPath":"$IW_WORKAREA","Brief Description":"","Description":"An automated task which auto-tags all required metadata fields.","Name":"Add Required Tags","id":"Add Required Tags","CSSclass":"Task","Owner":"$IW_USER","CGIScriptName":"/iw-cc/Workflow/WebTask.do","Immediate":"true","Lock":"false","Readonly":"false","Transferonly":"false","Variables":"TaskBeanId=workflow.task.SetMetaTagsTask|ImmediateTransition=true|RequiredTagsOnly=true","Eafinishop":"","Eastartop":"","Wfvarfinishop":"","Wfvarstartop":"","ActivationCount":"0","Status":"none","Valid":"true","BackgroundColor":"#c0c0c0","TaskType":"ItsCGITask"},"stencil":{"id":"CGITask"},"childShapes":[],"outgoing":[{"resourceId":"oryx_D2CC5775-C61B-4903-BBC5-5D19995022A8"},{"resourceId":"oryx_3D07091F-A8D5-4082-8AC0-524619E41724"}],"bounds":{"lowerRight":{"x":776,"y":509.35062},"upperLeft":{"x":674,"y":427.35062}},"dockers":[]},{"resourceId":"oryx_1AB3447D-EF52-4DAB-B731-2C835B19328A","properties":{"y":"112.75","x":"712.0","AreaVPath":"$IW_WORKAREA","Brief Description":"","Description":"If one or more taxonomies are being deployed, the source files are transformed for DataDeploy deployment.","Name":"Transform Taxonomy Files","id":"Transform Taxonomy Files","CSSclass":"Task","Owner":"$IW_USER","CGIScriptName":"/iw-cc/Workflow/WebTask.do","Immediate":"true","Lock":"false","Readonly":"false","Transferonly":"false","Variables":"ImmediateTransition=true|TaskBeanId=workflow.task.TaxonomyTransformationTask","Eafinishop":"","Eastartop":"","Wfvarfinishop":"","Wfvarstartop":"","ActivationCount":"0","Status":"none","Valid":"true","BackgroundColor":"#c0c0c0","TaskType":"ItsCGITask"},"stencil":{"id":"CGITask"},"childShapes":[],"outgoing":[{"resourceId":"oryx_146F443C-3724-47AD-A54E-A309D298CFD8"},{"resourceId":"oryx_CBDC6808-3B62-432E-AC7D-8FF5AF99410D"}],"bounds":{"lowerRight":{"x":957,"y":412.75},"upperLeft":{"x":855,"y":330.75}},"dockers":[]},{"resourceId":"oryx_6736B1D9-5423-451F-AB80-0B980F5AFC63","properties":{"y":"400.83334","x":"420.0","AreaVPath":"$IW_WORKAREA","Brief Description":"","Description":"Performs validation on files attached to this job.","Name":"Validate Files","id":"Validate Files","CSSclass":"Task","Owner":"$IW_USER","CGIScriptName":"/iw-cc/Workflow/WebTask.do","Immediate":"true","Lock":"false","Readonly":"false","Transferonly":"false","Variables":"ImmediateTransition=true|TaskBeanId=workflow.task.ValidationTask","Eafinishop":"","Eastartop":"","Wfvarfinishop":"","Wfvarstartop":"","ActivationCount":"0","Status":"none","Valid":"true","BackgroundColor":"#c0c0c0","TaskType":"ItsCGITask"},"stencil":{"id":"CGITask"},"childShapes":[],"outgoing":[{"resourceId":"oryx_3C1CE705-24D3-4A9E-A33D-7D8E49D735AF"},{"resourceId":"oryx_488948AD-5E8C-4C9A-9610-A352FCCB87ED"},{"resourceId":"oryx_D0B7D9E3-8F0E-4096-953E-84DCAE174A78"}],"bounds":{"lowerRight":{"x":627,"y":742},"upperLeft":{"x":525,"y":660}},"dockers":[]},{"resourceId":"oryx_1167C152-FC11-4434-B702-73C6B6B320FC","properties":{"y":"650.0","x":"66.0","AreaVPath":"$IW_WORKAREA","Brief Description":"","Description":"determines the list of optimost experimates associated with deployed pages and allow for activation selection","Name":"OptimostExperiments","id":"OptimostExperiments","CSSclass":"Task","Owner":"$IW_USER","CGIScriptName":"/iw-cc/Workflow/WebTask.do","Immediate":"true","Lock":"false","Readonly":"false","Transferonly":"false","Variables":"TaskBeanId=workflow.task.optimost.Experiments|ImmediateTransition=true|FormBeanClassName=com.interwoven.livesite.workflow.web.form.optimost.ExperimentsWebTaskForm","Eafinishop":"","Eastartop":"","Wfvarfinishop":"","Wfvarstartop":"","ActivationCount":"0","Status":"none","Valid":"true","BackgroundColor":"#c0c0c0","TaskType":"ItsCGITask"},"stencil":{"id":"CGITask"},"childShapes":[],"outgoing":[{"resourceId":"oryx_E7EF8588-4C6D-4C93-A1AA-05827B4DE288"},{"resourceId":"oryx_D0FF66EB-18B6-408D-A1EF-29B91733FD0E"},{"resourceId":"oryx_A48EAB4B-C128-424C-9BF3-C3F890D7D219"},{"resourceId":"oryx_2AD4F068-29A6-4A9D-A690-6ED82B09FE2F"}],"bounds":{"lowerRight":{"x":237,"y":950},"upperLeft":{"x":135,"y":868}},"dockers":[]},{"resourceId":"oryx_8161A385-9D83-4266-9956-325AA4B924AB","properties":{"y":"646.0","x":"268.0","AreaVPath":"$IW_WORKAREA","Brief Description":"","Description":"Generates and post creatives to optimost server","Name":"OptimostCreatives","id":"OptimostCreatives","CSSclass":"Task","Owner":"$IW_USER","CGIScriptName":"/iw-cc/Workflow/WebTask.do","Immediate":"true","Lock":"false","Readonly":"false","Transferonly":"false","Variables":"TaskBeanId=workflow.task.optimost.Creatives|ImmediateTransition=true|FormBeanClassName=com.interwoven.livesite.workflow.web.form.optimost.ExperimentsWebTaskForm|CreativePageType=$IW_SCRIPT(CreativePageType)","Eafinishop":"","Eastartop":"","Wfvarfinishop":"","Wfvarstartop":"","ActivationCount":"0","Status":"none","Valid":"true","BackgroundColor":"#c0c0c0","TaskType":"ItsCGITask"},"stencil":{"id":"CGITask"},"childShapes":[],"outgoing":[{"resourceId":"oryx_FE666F17-53B4-4897-A8A4-230C9785D59E"},{"resourceId":"oryx_BB958D96-8CE6-4338-AEF0-15C6A25528BA"}],"bounds":{"lowerRight":{"x":546,"y":950},"upperLeft":{"x":444,"y":868}},"dockers":[]},{"resourceId":"oryx_0B11DA9E-54B8-4D40-A374-D2C1DA28599A","properties":{"y":"644.0","x":"472.0","AreaVPath":"$IW_WORKAREA","Brief Description":"","Description":"generates optimost javascript files","Name":"OptimostJavaScript","id":"OptimostJavaScript","CSSclass":"Task","Owner":"$IW_USER","CGIScriptName":"/iw-cc/Workflow/WebTask.do","Immediate":"false","Lock":"false","Readonly":"false","Transferonly":"false","Variables":"TaskBeanId=workflow.task.optimost.JavaScript|ImmediateTransition=true|FormBeanClassName=com.interwoven.livesite.workflow.web.form.optimost.ExperimentsWebTaskForm","Eafinishop":"","Eastartop":"","Wfvarfinishop":"","Wfvarstartop":"","ActivationCount":"0","Status":"none","Valid":"true","BackgroundColor":"#c0c0c0","TaskType":"ItsCGITask"},"stencil":{"id":"CGITask"},"childShapes":[],"outgoing":[{"resourceId":"oryx_58A75167-F9BB-4B09-8714-5C7BD4802ACD"},{"resourceId":"oryx_E97C932B-819C-4954-BA0E-5E389F392270"}],"bounds":{"lowerRight":{"x":822,"y":950},"upperLeft":{"x":720,"y":868}},"dockers":[]},{"resourceId":"oryx_1FB5905E-6FB8-448C-B023-3E630F1755D6","properties":{"y":"220.0","x":"128.0","AreaVPath":"$IW_WORKAREA","Brief Description":"","Description":"Attach Deployment Target","Name":"Attach Deployment Target","id":"Attach Deployment Target","CSSclass":"Task","Owner":"$IW_USER","CGIScriptName":"/iw-cc/Workflow/WebTask.do","Immediate":"true","Lock":"false","Readonly":"false","Transferonly":"false","Variables":"ImmediateTransition=true|TaskBeanId=workflow.task.AttachDeploymentTarget|TargetNodes=$IW_SCRIPT(AttachFilesTargetNodes)","Eafinishop":"","Eastartop":"","Wfvarfinishop":"","Wfvarstartop":"","ActivationCount":"0","Status":"none","Valid":"true","BackgroundColor":"#c0c0c0","TaskType":"ItsCGITask"},"stencil":{"id":"CGITask"},"childShapes":[],"outgoing":[{"resourceId":"oryx_C5583C4E-A533-4A45-884E-63EF5C9B2115"},{"resourceId":"oryx_DF1D1C39-7B2E-4A3E-AF99-3EF9086D32D2"}],"bounds":{"lowerRight":{"x":387,"y":562},"upperLeft":{"x":285,"y":480}},"dockers":[]},{"resourceId":"oryx_2D8F6ED1-A213-4231-9A0C-AE81D48D14A0","properties":{"y":"116.0","x":"152.0","AreaVPath":"$IW_WORKAREA","Brief Description":"","Description":"Check Untranslated Assets","Name":"Check Untranslated Assets","id":"Check Untranslated Assets","CSSclass":"Task","Owner":"$IW_USER","CGIScriptName":"/iw-cc/Workflow/WebTask.do","Immediate":"true","Lock":"false","Readonly":"false","Transferonly":"false","Variables":"ImmediateTransition=true|TaskBeanId=workflow.task.CheckUntranslatedAssets","Eafinishop":"","Eastartop":"","Wfvarfinishop":"","Wfvarstartop":"","ActivationCount":"0","Status":"none","Valid":"true","BackgroundColor":"#c0c0c0","TaskType":"ItsCGITask"},"stencil":{"id":"CGITask"},"childShapes":[],"outgoing":[{"resourceId":"oryx_23534E82-1701-4BDC-87A2-BC900D4185A8"},{"resourceId":"oryx_26C6F531-8BDD-4F72-9B9B-E4145A91763B"}],"bounds":{"lowerRight":{"x":237,"y":472},"upperLeft":{"x":135,"y":390}},"dockers":[]},{"resourceId":"oryx_9D51B107-02DD-470B-B12A-D736223710C0","properties":{"y":"143.0","x":"163.0","AreaVPath":"$IW_WORKAREA","Brief Description":"","Description":"","Name":"Check Migration Status","id":"Check Migration Status","CSSclass":"Task","Owner":"$IW_USER","CGIScriptName":"/iw-cc/Workflow/WebTask.do","Immediate":"true","Lock":"false","Readonly":"false","Transferonly":"false","Variables":"ImmediateTransition=true|TaskBeanId=workflow.task.CheckMigrationStatus","Eafinishop":"","Eastartop":"","Wfvarfinishop":"","Wfvarstartop":"","ActivationCount":"0","Status":"none","Valid":"true","BackgroundColor":"#c0c0c0","TaskType":"ItsCGITask"},"stencil":{"id":"CGITask"},"childShapes":[],"outgoing":[{"resourceId":"oryx_6E9858E2-D34C-4E66-9372-DED1635C165B"},{"resourceId":"oryx_8425713F-AE9F-4463-8BF3-AD8EEB23E79F"}],"bounds":{"lowerRight":{"x":546,"y":412.75},"upperLeft":{"x":444,"y":330.75}},"dockers":[]},{"resourceId":"oryx_3B3A7696-44B4-4EE9-9B4D-ED4F5F225038","properties":{"y":"109.5","x":"476.0","AreaVPath":"$IW_WORKAREA","Brief Description":"","Description":"Allows files to be associated with metadata taxonomies.","Name":"Tag Files","id":"Tag Files","CSSclass":"Task","Owner":"$IW_USER","MDCaptureUI":"iwmetadata.cgi","Immediate":"true","Lock":"false","Readonly":"false","Transferonly":"false","Variables":"TaskComment=Successfully completed task: Tag Files.|SkipTaskWhenNoMatchingTags=true","Eafinishop":"","Eastartop":"","Wfvarfinishop":"","Wfvarstartop":"","ActivationCount":"0","Status":"none","Valid":"true","BackgroundColor":"#c0c0c0","TaskType":"ItsMetadataTask"},"stencil":{"id":"MetadataTask"},"childShapes":[],"outgoing":[{"resourceId":"oryx_1088A74D-351D-48FD-A2E8-6EAD8B173EAC"}],"bounds":{"lowerRight":{"x":776,"y":409.5},"upperLeft":{"x":674,"y":327.5}},"dockers":[]},{"resourceId":"oryx_2F1E6CC5-CE04-4F3C-BE3D-174A857AF623","properties":{"y":"482.59998","x":"923.0","AreaVPath":"$IW_WORKAREA","Brief Description":"","Description":"Submits all files to the STAGING area.","Name":"Submit Files","id":"Submit Files","CSSclass":"Task","Owner":"$IW_USER","SubmitComment":"","SubmitInfo":"","Override":"true","Save Comments":"true","Skip Conflicts":"false","Skip Locked":"false","Unlock":"true","Variables":"","Eafinishop":"","Eastartop":"","Wfvarfinishop":"","Wfvarstartop":"","ActivationCount":"0","Status":"none","Valid":"true","BackgroundColor":"#c0c0c0","TaskType":"ItsSubmitTask"},"stencil":{"id":"SubmitTask"},"childShapes":[],"outgoing":[{"resourceId":"oryx_3A537BFB-85D1-4834-9AAF-598A2DB7903C"}],"bounds":{"lowerRight":{"x":1220,"y":1087},"upperLeft":{"x":1118,"y":1005}},"dockers":[]},{"resourceId":"oryx_65D88824-F4D8-47C7-B567-7A008F01CCBB","properties":{"y":"536.75","x":"1360.0","AreaVPath":"$IW_WORKAREA","Brief Description":"","Description":"Deploys content and metadata to one or more target environments.","Name":"Production Deployment","id":"Production Deployment","CSSclass":"Task","Owner":"$IW_USER","URI":"http://$IW_SERVER:$IW_PORT/iw-cc/urlexternaltask","Retry":"true","Lock":"false","Readonly":"false","Transferonly":"false","Variables":"ClassName=com.interwoven.livesite.spring.workflow.task.DelegatingUrlExternalTaskProxy|TargetNodes=$IW_CV(TargetNodes)|TaskBeanId=workflow.task.HeadlessDeploymentTask","Eafinishop":"","Eastartop":"","Wfvarfinishop":"","Wfvarstartop":"","ActivationCount":"0","Status":"none","Valid":"true","BackgroundColor":"#c0c0c0","TaskType":"ItsURLTask"},"stencil":{"id":"URLTask"},"childShapes":[],"outgoing":[{"resourceId":"oryx_C19722E8-25D4-4323-A3FA-53006DECA460"},{"resourceId":"oryx_554F37A5-E474-4B19-B4BD-BF0EBE6A30DE"}],"bounds":{"lowerRight":{"x":1902,"y":818.2629336610396},"upperLeft":{"x":1800,"y":736.2629336610396}},"dockers":[]},{"resourceId":"oryx_AD452971-5D32-45D3-99BE-D245DF7D8E49","properties":{"y":"633.75","x":"920.0","AreaVPath":"$IW_WORKAREA","Brief Description":"","Description":"Sends a notification to all job participants that the job is complete.","Name":"Job Complete Email","id":"Job Complete Email","CSSclass":"Task","Owner":"$IW_USER","URI":"http://$IW_SERVER:$IW_PORT/iw-cc/urlexternaltask","Retry":"true","Lock":"false","Readonly":"false","Transferonly":"false","Variables":"TaskBeanId=workflow.task.EmailTask|Sender=noreply@interwoven.com|ClassName=com.interwoven.livesite.spring.workflow.task.DelegatingUrlExternalTaskProxy|Recipients=$IW_USER,$IW_DS(Reviewer)|Subject=Job ${jobId} Complete [${jobName}]|BodyStylesheet=workflow/JobCompleteNotification.xsl","Eafinishop":"","Eastartop":"","Wfvarfinishop":"","Wfvarstartop":"","ActivationCount":"0","Status":"none","Valid":"true","BackgroundColor":"#c0c0c0","TaskType":"ItsURLTask"},"stencil":{"id":"URLTask"},"childShapes":[],"outgoing":[{"resourceId":"oryx_EB14EEF2-D2AC-4394-923D-F413DD01BA8C"},{"resourceId":"oryx_4C18FB38-02D2-48B4-8437-802F8C6D2DD5"},{"resourceId":"oryx_FEF257BC-F6CC-4E1D-8FEA-F91B3DD285DD"}],"bounds":{"lowerRight":{"x":1220,"y":933.75},"upperLeft":{"x":1118,"y":851.75}},"dockers":[]},{"resourceId":"oryx_D1583773-BD6F-4555-B25E-70588302AB67","properties":{"y":"190.75","x":"1399.0","AreaVPath":"$IW_WORKAREA","Brief Description":"","Description":"Sends a revision notification to the job creator.","Name":"Revision Notification Email","id":"Revision Notification Email","CSSclass":"Task","Owner":"$IW_USER","URI":"http://$IW_SERVER:$IW_PORT/iw-cc/urlexternaltask","Retry":"true","Lock":"false","Readonly":"false","Transferonly":"false","Variables":"TaskBeanId=workflow.task.EmailTask|Sender=noreply@interwoven.com|ClassName=com.interwoven.livesite.spring.workflow.task.DelegatingUrlExternalTaskProxy|Recipients=$IW_USER|Subject=Please revise [${jobName}, Task ${taskId}]|BodyStylesheet=workflow/RevisionNotification.xsl","Eafinishop":"","Eastartop":"","Wfvarfinishop":"","Wfvarstartop":"","ActivationCount":"0","Status":"none","Valid":"true","BackgroundColor":"#c0c0c0","TaskType":"ItsURLTask"},"stencil":{"id":"URLTask"},"childShapes":[],"outgoing":[{"resourceId":"oryx_B56881F3-1E05-4FC9-BE4F-8A23CB4954EB"},{"resourceId":"oryx_AFB27CD0-1DE1-42DE-9CBD-1F21D3CE1C26"},{"resourceId":"oryx_632E5FD8-72A8-4968-8969-631828507D87"}],"bounds":{"lowerRight":{"x":1699,"y":490.75},"upperLeft":{"x":1597,"y":408.75}},"dockers":[]},{"resourceId":"oryx_FD8E7CF5-99A7-4A3D-8B72-CC9154675B22","properties":{"y":"190.75","x":"1233.0","AreaVPath":"$IW_WORKAREA","Brief Description":"","Description":"Sends a notification email to the reviewer.","Name":"Review Notification Email","id":"Review Notification Email","CSSclass":"Task","Owner":"$IW_USER","URI":"http://$IW_SERVER:$IW_PORT/iw-cc/urlexternaltask","Retry":"true","Lock":"false","Readonly":"false","Transferonly":"false","Variables":"TaskBeanId=workflow.task.EmailTask|Sender=noreply@interwoven.com|ClassName=com.interwoven.livesite.spring.workflow.task.DelegatingUrlExternalTaskProxy|Recipients=$IW_DS(Reviewer)|Subject=Please review [${jobName}, Task ${taskId}]|BodyStylesheet=workflow/ReviewNotification.xsl|Comments=$IW_CV(AuthorCommentsForReviewer)","Eafinishop":"","Eastartop":"","Wfvarfinishop":"","Wfvarstartop":"","ActivationCount":"0","Status":"none","Valid":"true","BackgroundColor":"#c0c0c0","TaskType":"ItsURLTask"},"stencil":{"id":"URLTask"},"childShapes":[],"outgoing":[{"resourceId":"oryx_12A785E0-9D7E-4EF6-A448-6119F0D7CFCE"},{"resourceId":"oryx_B7123201-FC28-49C8-A8ED-61D24C23A2EB"},{"resourceId":"oryx_D57014FA-39EC-4794-8B50-34035B739F76"}],"bounds":{"lowerRight":{"x":1533,"y":490.75},"upperLeft":{"x":1431,"y":408.75}},"dockers":[]},{"resourceId":"oryx_DEA7DB56-7B52-45A1-9371-1C78D84494C2","properties":{"y":"840.0","x":"1248.0","AreaVPath":"$IW_WORKAREA","Brief Description":"","Description":"Activates Optimost Experiment","Name":"OptimostActivate","id":"OptimostActivate","CSSclass":"Task","Owner":"$IW_USER","URI":"http://$IW_SERVER:$IW_PORT/iw-cc/urlexternaltask","Retry":"true","Lock":"false","Readonly":"false","Transferonly":"false","Variables":"TaskBeanId=workflow.task.optimost.Activate|ClassName=com.interwoven.livesite.spring.workflow.task.DelegatingUrlExternalTaskProxy","Eafinishop":"","Eastartop":"","Wfvarfinishop":"","Wfvarstartop":"","ActivationCount":"0","Status":"none","Valid":"true","BackgroundColor":"#c0c0c0","TaskType":"ItsURLTask"},"stencil":{"id":"URLTask"},"childShapes":[],"outgoing":[{"resourceId":"oryx_BC95AB47-225A-4CAB-8BC8-5967E9125BD1"},{"resourceId":"oryx_F764D938-F335-4A09-8B9D-7BE4CC723145"}],"bounds":{"lowerRight":{"x":1512,"y":1140},"upperLeft":{"x":1410,"y":1058}},"dockers":[]},{"resourceId":"oryx_3F121457-C20B-44E3-88E5-40FC4C6A3AE5","properties":{"y":"635.75","x":"643.0","Name":"End Job","id":"End Job","Brief Description":"","Eafinishop":"","Eastartop":"","Wfvarfinishop":"","Wfvarstartop":"","CSSclass":"Event"},"stencil":{"id":"End"},"childShapes":[],"outgoing":[],"bounds":{"lowerRight":{"x":1084,"y":994},"upperLeft":{"x":1050,"y":960}},"dockers":[]},{"resourceId":"oryx_DA461413-0220-4511-8482-EBF20E6214A8","properties":{"y":"454.3506","x":"1215.3516","Name":"Is Production Deployment Required","id":"Is Production Deployment Required","GatewayType":"OR"},"stencil":{"id":"OR"},"childShapes":[],"outgoing":[{"resourceId":"oryx_1349B575-374A-4E3B-89E9-048F7BA21099"},{"resourceId":"oryx_0D600169-3728-459E-BD4B-B12A12B8D807"}],"bounds":{"lowerRight":{"x":1515.3516,"y":754.3506},"upperLeft":{"x":1475.3516,"y":714.3506}},"dockers":[]},{"resourceId":"oryx_52EF9DC1-B0D7-41DA-A2F1-B3CFC0CBA36D","properties":{"y":"199.35059","x":"1061.3516","Name":"Is Review Required","id":"Is Review Required","GatewayType":"OR"},"stencil":{"id":"OR"},"childShapes":[],"outgoing":[{"resourceId":"oryx_B43B3313-F74B-4C39-AD9C-E867DFA4EEDB"},{"resourceId":"oryx_218A38DB-0819-4760-B7B8-7601A475D211"}],"bounds":{"lowerRight":{"x":1361.3516,"y":469.75},"upperLeft":{"x":1321.3516,"y":429.75}},"dockers":[]},{"resourceId":"oryx_BBDEFC81-50E6-48E1-9BC9-C07809CF983C","properties":{"y":"188.35062","x":"324.68848","Name":"Is Tag Required","id":"Is Tag Required","GatewayType":"OR"},"stencil":{"id":"OR"},"childShapes":[],"outgoing":[{"resourceId":"oryx_9084E452-A978-4E1E-8E12-702648F50316"},{"resourceId":"oryx_A55FF421-4105-44DF-9B55-57E7FB144FD7"}],"bounds":{"lowerRight":{"x":596,"y":488.35062},"upperLeft":{"x":556,"y":448.35062}},"dockers":[]},{"resourceId":"oryx_6D278D02-43D3-451C-8C21-1B66611376E4","properties":{"y":"481.3506","x":"174.35156","Name":"Is Generate HTML Required","id":"Is Generate HTML Required","GatewayType":"OR"},"stencil":{"id":"OR"},"childShapes":[],"outgoing":[{"resourceId":"oryx_EF16AA6F-6933-439A-81F8-E93A3DA9C364"},{"resourceId":"oryx_DC32A1BA-FD93-4D9B-811E-1E6A6D98A99D"}],"bounds":{"lowerRight":{"x":325,"y":775},"upperLeft":{"x":285,"y":735}},"dockers":[]},{"resourceId":"oryx_CEA03F68-F985-40E4-BF12-F0456B64F756","properties":{"y":"667.3506","x":"1144.6885","Name":"Is Submit Required","id":"Is Submit Required","GatewayType":"OR"},"stencil":{"id":"OR"},"childShapes":[],"outgoing":[{"resourceId":"oryx_40BF643F-35C5-48D6-BC1D-0AEBC63B9903"},{"resourceId":"oryx_60B86DF9-AC29-48D3-A581-372A73B8DDF3"}],"bounds":{"lowerRight":{"x":1444.6885,"y":912.75},"upperLeft":{"x":1404.6885,"y":872.75}},"dockers":[]},{"resourceId":"oryx_688192F3-FA34-4B9B-9D0E-658C2E7CC2CA","properties":{"y":"728.3506","x":"1259.6885","Name":"Is Optimost Activate Required","id":"Is Optimost Activate Required","GatewayType":"OR"},"stencil":{"id":"OR"},"childShapes":[],"outgoing":[{"resourceId":"oryx_6CBCFAAD-801F-4B51-8529-AE18F4AC92D4"},{"resourceId":"oryx_ECB83A58-8412-45C0-8FD9-0492C75D86BF"}],"bounds":{"lowerRight":{"x":1480,"y":997},"upperLeft":{"x":1440,"y":957}},"dockers":[]},{"resourceId":"oryx_D6428313-7F44-4C2F-B6FB-128D796055C5","properties":{"y":"292.3506","x":"46.688496","Name":"Is Optimost Experiments Required","id":"Is Optimost Experiments Required","GatewayType":"OR"},"stencil":{"id":"OR"},"childShapes":[],"outgoing":[{"resourceId":"oryx_7E1FF01E-4D49-4A75-950F-B58F1CE7EA5C"},{"resourceId":"oryx_C2C41AF6-2FCB-4051-A99B-F0DACFA133F2"}],"bounds":{"lowerRight":{"x":206,"y":775},"upperLeft":{"x":166,"y":735}},"dockers":[]},{"resourceId":"oryx_7CAD5E66-3AB4-4AF6-914D-A73D54EB723B","properties":{"Name":"Resolve Job Error Cancel Job","id":"Resolve Job Error Cancel Job","Type":"Default"},"stencil":{"id":"Flow"},"childShapes":[],"outgoing":[{"resourceId":"oryx_3F121457-C20B-44E3-88E5-40FC4C6A3AE5"}],"bounds":{"lowerRight":{"x":1049.3429687500001,"y":974.45},"upperLeft":{"x":995,"y":652.2853515625}},"dockers":[{"x":50,"y":40},{"x":995,"y":974.45},{"x":14.45,"y":14.45}],"target":{"resourceId":"oryx_3F121457-C20B-44E3-88E5-40FC4C6A3AE5"}},{"resourceId":"oryx_1088A74D-351D-48FD-A2E8-6EAD8B173EAC","properties":{"Name":"Tag Files Success","id":"Tag Files Success","Type":"Default"},"stencil":{"id":"Flow"},"childShapes":[],"outgoing":[{"resourceId":"oryx_1AB3447D-EF52-4DAB-B731-2C835B19328A"}],"bounds":{"lowerRight":{"x":854.6098192160791,"y":369.2475404812134},"upperLeft":{"x":776.75,"y":367.5}},"dockers":[{"x":50,"y":40},{"x":796,"y":367.5},{"x":50,"y":40}],"target":{"resourceId":"oryx_1AB3447D-EF52-4DAB-B731-2C835B19328A"}},{"resourceId":"oryx_FA9BCF26-F862-4647-A9A5-BD94B7503C2D","properties":{"Name":"Deploy Files Failure","id":"Deploy Files Failure","Type":"Default"},"stencil":{"id":"Flow"},"childShapes":[],"outgoing":[{"resourceId":"oryx_72F377A2-466C-442F-88A0-9B62DDA2A8AB"}],"bounds":{"lowerRight":{"x":1150.4732497880361,"y":578.8790222367884},"upperLeft":{"x":1047.7196018012282,"y":363.40445067020766}},"dockers":[{"x":24.473249788036128,"y":70.0735065123248},{"x":1150.4732497880361,"y":578.8790222367884},{"x":92.92691976844799,"y":8.879022236788387}],"target":{"resourceId":"oryx_72F377A2-466C-442F-88A0-9B62DDA2A8AB"}},{"resourceId":"oryx_2203A3B1-4AE1-43B3-B619-6C303D841D04","properties":{"Name":"Retry Deploy Files","id":"Retry Deploy Files","Type":"Default"},"stencil":{"id":"Flow"},"childShapes":[],"outgoing":[{"resourceId":"oryx_2FA12246-0DC2-4A47-AB7B-27D74B2256A6"}],"bounds":{"lowerRight":{"x":1201.1726740389344,"y":594.2091371531416},"upperLeft":{"x":1047.5576720377885,"y":362.98509405966643}},"dockers":[{"x":76.25703534669173,"y":24.20913715314157},{"x":1201.1726740389344,"y":594.2091371531416},{"x":75.17267403893447,"y":59.402064367117475}],"target":{"resourceId":"oryx_2FA12246-0DC2-4A47-AB7B-27D74B2256A6"}},{"resourceId":"oryx_3A537BFB-85D1-4834-9AAF-598A2DB7903C","properties":{"Name":"Submit Files Success","id":"Submit Files Success","Type":"Default"},"stencil":{"id":"Flow"},"childShapes":[],"outgoing":[{"resourceId":"oryx_AD452971-5D32-45D3-99BE-D245DF7D8E49"}],"bounds":{"lowerRight":{"x":1169,"y":1004.490234375},"upperLeft":{"x":1167,"y":934.654296875}},"dockers":[{"x":50,"y":40},{"x":50,"y":40}],"target":{"resourceId":"oryx_AD452971-5D32-45D3-99BE-D245DF7D8E49"}},{"resourceId":"oryx_EB14EEF2-D2AC-4394-923D-F413DD01BA8C","properties":{"Name":"Job Complete Email Timeout","id":"Job Complete Email Timeout","Type":"Timeout","Timeout Duration":"+000003"},"stencil":{"id":"TimeoutLink"},"childShapes":[],"outgoing":[{"resourceId":"oryx_3F121457-C20B-44E3-88E5-40FC4C6A3AE5"}],"bounds":{"lowerRight":{"x":1117.651953125,"y":959.2359375000001},"upperLeft":{"x":1064.45,"y":891.75}},"dockers":[{"x":50,"y":40},{"x":1064.45,"y":891.75},{"x":14.45,"y":14.45}],"target":{"resourceId":"oryx_3F121457-C20B-44E3-88E5-40FC4C6A3AE5"}},{"resourceId":"oryx_4C18FB38-02D2-48B4-8437-802F8C6D2DD5","properties":{"Name":"Job Complete Email Success","id":"Job Complete Email Success","Type":"Default"},"stencil":{"id":"Flow"},"childShapes":[],"outgoing":[{"resourceId":"oryx_3F121457-C20B-44E3-88E5-40FC4C6A3AE5"}],"bounds":{"lowerRight":{"x":1117.651953125,"y":959.2359375000001},"upperLeft":{"x":1064.45,"y":891.75}},"dockers":[{"x":50,"y":40},{"x":1064.45,"y":891.75},{"x":14.45,"y":14.45}],"target":{"resourceId":"oryx_3F121457-C20B-44E3-88E5-40FC4C6A3AE5"}},{"resourceId":"oryx_3D07091F-A8D5-4082-8AC0-524619E41724","properties":{"Name":"Add Required Tags Success","id":"Add Required Tags Success","Type":"Default"},"stencil":{"id":"Flow"},"childShapes":[],"outgoing":[{"resourceId":"oryx_1AB3447D-EF52-4DAB-B731-2C835B19328A"}],"bounds":{"lowerRight":{"x":871.0054989536594,"y":446},"upperLeft":{"x":776.5558713830701,"y":413.40895194992674}},"dockers":[{"x":77.22557415919436,"y":18.649380000000008},{"x":871.0054989536594,"y":446},{"x":16.005498953659412,"y":64.06364106655502}],"target":{"resourceId":"oryx_1AB3447D-EF52-4DAB-B731-2C835B19328A"}},{"resourceId":"oryx_D2CC5775-C61B-4903-BBC5-5D19995022A8","properties":{"Name":"Add Required Tags Failure","id":"Add Required Tags Failure","Type":"Default"},"stencil":{"id":"Flow"},"childShapes":[],"outgoing":[{"resourceId":"oryx_72F377A2-466C-442F-88A0-9B62DDA2A8AB"}],"bounds":{"lowerRight":{"x":980.0852883110673,"y":569.6343083393624},"upperLeft":{"x":776.0169910307204,"y":467.35062}},"dockers":[{"x":50,"y":40},{"x":980.0852883110673,"y":467.35062},{"x":35.0852883110673,"y":36.51180007829885}],"target":{"resourceId":"oryx_72F377A2-466C-442F-88A0-9B62DDA2A8AB"}},{"resourceId":"oryx_4BFC086F-4DBD-4AD2-939D-ED56957E261A","properties":{"Name":"Retry Add Required Tags","id":"Retry Add Required Tags","Type":"Default"},"stencil":{"id":"Flow"},"childShapes":[],"outgoing":[{"resourceId":"oryx_045F05BC-F120-4F8C-A4BC-46E3A56C4353"}],"bounds":{"lowerRight":{"x":966,"y":569.9971564276001},"upperLeft":{"x":776.3436758697103,"y":499.40034703893485}},"dockers":[{"x":21,"y":26.893874717117228},{"x":966,"y":499.40034703893485},{"x":88.63325426102437,"y":72.04972703893486}],"target":{"resourceId":"oryx_045F05BC-F120-4F8C-A4BC-46E3A56C4353"}},{"resourceId":"oryx_146F443C-3724-47AD-A54E-A309D298CFD8","properties":{"Name":"Transform Taxonomy Files Success","id":"Transform Taxonomy Files Success","Type":"Default"},"stencil":{"id":"Flow"},"childShapes":[],"outgoing":[{"resourceId":"oryx_2FA12246-0DC2-4A47-AB7B-27D74B2256A6"}],"bounds":{"lowerRight":{"x":1125.59375,"y":370.75},"upperLeft":{"x":957.4921875,"y":320.75}},"dockers":[{"x":50,"y":40},{"x":1074,"y":370.75},{"x":1074,"y":320.75},{"x":50,"y":40}],"target":{"resourceId":"oryx_2FA12246-0DC2-4A47-AB7B-27D74B2256A6"}},{"resourceId":"oryx_CBDC6808-3B62-432E-AC7D-8FF5AF99410D","properties":{"Name":"Transform Taxonomy Files Failure","id":"Transform Taxonomy Files Failure","Type":"Default"},"stencil":{"id":"Flow"},"childShapes":[],"outgoing":[{"resourceId":"oryx_72F377A2-466C-442F-88A0-9B62DDA2A8AB"}],"bounds":{"lowerRight":{"x":995,"y":569.390625},"upperLeft":{"x":905,"y":413.4609375}},"dockers":[{"x":50,"y":40},{"x":905,"y":441},{"x":995,"y":441},{"x":50,"y":40}],"target":{"resourceId":"oryx_72F377A2-466C-442F-88A0-9B62DDA2A8AB"}},{"resourceId":"oryx_84A478B8-95A2-434F-83A9-ADD15F94D184","properties":{"ToGatewayPosition":"Top","Name":"Deploy Files Success","id":"Deploy Files Success","Type":"Default"},"stencil":{"id":"Flow"},"childShapes":[],"outgoing":[{"resourceId":"oryx_52EF9DC1-B0D7-41DA-A2F1-B3CFC0CBA36D"}],"bounds":{"lowerRight":{"x":1341.3516,"y":429.64884691061104},"upperLeft":{"x":1228.6723731443303,"y":320.85147261042544}},"dockers":[{"x":50,"y":40},{"x":1341.3516,"y":321.06854760832703},{"x":20,"y":20}],"target":{"resourceId":"oryx_52EF9DC1-B0D7-41DA-A2F1-B3CFC0CBA36D"}},{"resourceId":"oryx_12E361FA-8E99-4AE7-8688-23A666B983C3","properties":{"Name":"Approve Changes","id":"Approve Changes","Type":"Default"},"stencil":{"id":"Flow"},"childShapes":[],"outgoing":[{"resourceId":"oryx_DA461413-0220-4511-8482-EBF20E6214A8"}],"bounds":{"lowerRight":{"x":1620,"y":714.52066875},"upperLeft":{"x":1495.3516,"y":363.2059224227655}},"dockers":[{"x":25,"y":57.64944829097351},{"x":1620,"y":397},{"x":1558,"y":397},{"x":1558,"y":688},{"x":1495.3516,"y":688},{"x":20,"y":20}],"target":{"resourceId":"oryx_DA461413-0220-4511-8482-EBF20E6214A8"}},{"resourceId":"oryx_C19722E8-25D4-4323-A3FA-53006DECA460","properties":{"Name":"Production Deployment Failure","id":"Production Deployment Failure","Type":"Default"},"stencil":{"id":"Flow"},"childShapes":[],"outgoing":[{"resourceId":"oryx_BFE05472-0140-4564-87B3-809DB298095F"}],"bounds":{"lowerRight":{"x":1882.6173225085278,"y":944.4557562360999},"upperLeft":{"x":1850,"y":818.4225169303678}},"dockers":[{"x":50,"y":40},{"x":1850,"y":881.6314668305198},{"x":1882.6173225085278,"y":881.6314668305198},{"x":54,"y":29.466796875}],"target":{"resourceId":"oryx_BFE05472-0140-4564-87B3-809DB298095F"}},{"resourceId":"oryx_DAF0E7C8-9BFB-47BE-B6B0-D058F6A775E2","properties":{"Name":"Retry Production Deployment","id":"Retry Production Deployment","Type":"Default"},"stencil":{"id":"Flow"},"childShapes":[],"outgoing":[{"resourceId":"oryx_65D88824-F4D8-47C7-B567-7A008F01CCBB"}],"bounds":{"lowerRight":{"x":1878.6173225085278,"y":944.4292333960584},"upperLeft":{"x":1850,"y":818.4225169303678}},"dockers":[{"x":50,"y":40},{"x":1878.6173225085278,"y":881.6314668305198},{"x":1850,"y":881.6314668305198},{"x":50,"y":40}],"target":{"resourceId":"oryx_65D88824-F4D8-47C7-B567-7A008F01CCBB"}},{"resourceId":"oryx_632E5FD8-72A8-4968-8969-631828507D87","properties":{"Name":"Revision Notification Email Success","id":"Revision Notification Email Success","Type":"Default"},"stencil":{"id":"Flow"},"childShapes":[],"outgoing":[{"resourceId":"oryx_E1AC284A-ED11-4E18-9E7A-05FD1851CCA0"}],"bounds":{"lowerRight":{"x":1680.668235626174,"y":629.5354494826058},"upperLeft":{"x":1678.668235626174,"y":491.25525012346565}},"dockers":[{"x":82.66823562617401,"y":67.69528231090777},{"x":44.66823562617401,"y":32.51642757484501}],"target":{"resourceId":"oryx_E1AC284A-ED11-4E18-9E7A-05FD1851CCA0"}},{"resourceId":"oryx_B56881F3-1E05-4FC9-BE4F-8A23CB4954EB","properties":{"Name":"Revision Notification Email Timeout","id":"Revision Notification Email Timeout","Type":"Timeout","Timeout Duration":"+000003"},"stencil":{"id":"TimeoutLink"},"childShapes":[],"outgoing":[{"resourceId":"oryx_E1AC284A-ED11-4E18-9E7A-05FD1851CCA0"}],"bounds":{"lowerRight":{"x":1760,"y":670},"upperLeft":{"x":1699.203125,"y":448.75}},"dockers":[{"x":50,"y":40},{"x":1760,"y":448.75},{"x":1760,"y":670},{"x":50,"y":40}],"target":{"resourceId":"oryx_E1AC284A-ED11-4E18-9E7A-05FD1851CCA0"}},{"resourceId":"oryx_3EA0834F-3852-4FFC-9A94-701DF16574A0","properties":{"Name":"Revisions Needed","id":"Revisions Needed","Type":"Default"},"stencil":{"id":"Flow"},"childShapes":[],"outgoing":[{"resourceId":"oryx_D1583773-BD6F-4555-B25E-70588302AB67"}],"bounds":{"lowerRight":{"x":1646.3671894069994,"y":408.2501220479653},"upperLeft":{"x":1645.6718730930006,"y":363.7498779520347}},"dockers":[{"x":50,"y":40},{"x":50,"y":40}],"target":{"resourceId":"oryx_D1583773-BD6F-4555-B25E-70588302AB67"}},{"resourceId":"oryx_3C1CE705-24D3-4A9E-A33D-7D8E49D735AF","properties":{"Name":"Validate Files Success","id":"Validate Files Success","Type":"Default"},"stencil":{"id":"Flow"},"childShapes":[],"outgoing":[{"resourceId":"oryx_BBDEFC81-50E6-48E1-9BC9-C07809CF983C"}],"bounds":{"lowerRight":{"x":576,"y":659.679784375},"upperLeft":{"x":575,"y":488.365993984375}},"dockers":[{"x":50,"y":40},{"x":575,"y":574.17531},{"x":576,"y":574.17531},{"x":20,"y":20}],"target":{"resourceId":"oryx_BBDEFC81-50E6-48E1-9BC9-C07809CF983C"}},{"resourceId":"oryx_488948AD-5E8C-4C9A-9610-A352FCCB87ED","properties":{"Name":"Validate Files Failure","id":"Validate Files Failure","Type":"Default"},"stencil":{"id":"Flow"},"childShapes":[],"outgoing":[{"resourceId":"oryx_72F377A2-466C-442F-88A0-9B62DDA2A8AB"}],"bounds":{"lowerRight":{"x":967.525390625,"y":700},"upperLeft":{"x":627.3656272888184,"y":652.390625}},"dockers":[{"x":50,"y":40},{"x":967.525390625,"y":700},{"x":22.525390625,"y":69}],"target":{"resourceId":"oryx_72F377A2-466C-442F-88A0-9B62DDA2A8AB"}},{"resourceId":"oryx_9A66D17C-7043-4348-98B7-A2CBA9B8C6D6","properties":{"Name":"Send for Review","id":"Send for Review","Type":"Default"},"stencil":{"id":"Flow"},"childShapes":[],"outgoing":[{"resourceId":"oryx_FD8E7CF5-99A7-4A3D-8B72-CC9154675B22"}],"bounds":{"lowerRight":{"x":1634.2004359127308,"y":670},"upperLeft":{"x":1507.9348832452658,"y":490.8643697834407}},"dockers":[{"x":50,"y":40},{"x":1507.9348832452658,"y":670},{"x":76.93488324526583,"y":62.479649416210464}],"target":{"resourceId":"oryx_FD8E7CF5-99A7-4A3D-8B72-CC9154675B22"}},{"resourceId":"oryx_D57014FA-39EC-4794-8B50-34035B739F76","properties":{"Name":"Review Notification Email Timeout","id":"Review Notification Email Timeout","Type":"Timeout","Timeout Duration":"+000003"},"stencil":{"id":"TimeoutLink"},"childShapes":[],"outgoing":[{"resourceId":"oryx_DBE2306F-AB5F-45A4-90A7-8BB8D27648E1"}],"bounds":{"lowerRight":{"x":1594.410786401119,"y":407.807639952112},"upperLeft":{"x":1511.3203737716644,"y":341.75}},"dockers":[{"x":80.32037377166443,"y":24.31253099862056},{"x":1511.3203737716644,"y":341.75},{"x":16.914512244283287,"y":61}],"target":{"resourceId":"oryx_DBE2306F-AB5F-45A4-90A7-8BB8D27648E1"}},{"resourceId":"oryx_B7123201-FC28-49C8-A8ED-61D24C23A2EB","properties":{"Name":"Review Notification Email Success","id":"Review Notification Email Success","Type":"Default"},"stencil":{"id":"Flow"},"childShapes":[],"outgoing":[{"resourceId":"oryx_DBE2306F-AB5F-45A4-90A7-8BB8D27648E1"}],"bounds":{"lowerRight":{"x":1594.5387317024594,"y":408.17621585421307},"upperLeft":{"x":1446.7782877466772,"y":301.3381797057501}},"dockers":[{"x":15.778287746677278,"y":15.831649589707808},{"x":1446.7782877466772,"y":301.3381797057501},{"x":14.5247563478747,"y":20.58817970575012}],"target":{"resourceId":"oryx_DBE2306F-AB5F-45A4-90A7-8BB8D27648E1"}},{"resourceId":"oryx_D0B7D9E3-8F0E-4096-953E-84DCAE174A78","properties":{"Name":"Validate Files Cancel Job","id":"Validate Files Cancel Job","Type":"Default"},"stencil":{"id":"Flow"},"childShapes":[],"outgoing":[{"resourceId":"oryx_3F121457-C20B-44E3-88E5-40FC4C6A3AE5"}],"bounds":{"lowerRight":{"x":1050.0666015629167,"y":974.4495847031377},"upperLeft":{"x":575,"y":742.8085892564891}},"dockers":[{"x":50,"y":40},{"x":575,"y":974.435867940031},{"x":14.45,"y":14.45}],"target":{"resourceId":"oryx_3F121457-C20B-44E3-88E5-40FC4C6A3AE5"}},{"resourceId":"oryx_FEBE8DB8-A334-494C-BB4D-73A11BBC5063","properties":{"Name":"Retry Validate Files","id":"Retry Validate Files","Type":"Default"},"stencil":{"id":"Flow"},"childShapes":[],"outgoing":[{"resourceId":"oryx_6736B1D9-5423-451F-AB80-0B980F5AFC63"}],"bounds":{"lowerRight":{"x":972,"y":729},"upperLeft":{"x":627.4460503294995,"y":652.8302339433301}},"dockers":[{"x":27,"y":67.53953652542827},{"x":972,"y":729},{"x":81.45532596839632,"y":69}],"target":{"resourceId":"oryx_6736B1D9-5423-451F-AB80-0B980F5AFC63"}},{"resourceId":"oryx_B1C4ADBB-2237-4F82-B4DA-4BAE54866B65","properties":{"Name":"Retry Transform Taxonomy Files","id":"Retry Transform Taxonomy Files","Type":"Default"},"stencil":{"id":"Flow"},"childShapes":[],"outgoing":[{"resourceId":"oryx_1AB3447D-EF52-4DAB-B731-2C835B19328A"}],"bounds":{"lowerRight":{"x":1012,"y":569.5227947235107},"upperLeft":{"x":957.4765625,"y":395.21484375}},"dockers":[{"x":67,"y":25.566787719726562},{"x":1012,"y":395.21484375},{"x":88,"y":64.46484375}],"target":{"resourceId":"oryx_1AB3447D-EF52-4DAB-B731-2C835B19328A"}},{"resourceId":"oryx_97963052-C2B3-4300-A42A-1060EFF79946","properties":{"Name":"Generate HTML Failure","id":"Generate HTML Failure","Type":"Default"},"stencil":{"id":"Flow"},"childShapes":[],"outgoing":[{"resourceId":"oryx_72F377A2-466C-442F-88A0-9B62DDA2A8AB"}],"bounds":{"lowerRight":{"x":944.9908058981049,"y":645.7026337369646},"upperLeft":{"x":387.13455578960736,"y":643.7026337369646}},"dockers":[{"x":78,"y":44.70263373696457},{"x":10.244628213947862,"y":74.70263373696463}],"target":{"resourceId":"oryx_72F377A2-466C-442F-88A0-9B62DDA2A8AB"}},{"resourceId":"oryx_82932621-2F67-4B8D-B852-90DF2997825A","properties":{"Name":"Start Attach Dependencies","id":"Start Attach Dependencies","Type":"Default"},"stencil":{"id":"Flow"},"childShapes":[],"outgoing":[{"resourceId":"oryx_AAA15964-7D8A-4A58-BBB7-2884E3A2E482"}],"bounds":{"lowerRight":{"x":209.50001275355666,"y":321.6629183093614},"upperLeft":{"x":79.24217474644335,"y":321.0050504406386}},"dockers":[{"x":17,"y":17},{"x":50,"y":40}],"target":{"resourceId":"oryx_AAA15964-7D8A-4A58-BBB7-2884E3A2E482"}},{"resourceId":"oryx_ECFF509D-AAE3-46B5-BA89-ECA812DE134E","properties":{"Name":"Generate HTML Success","id":"Generate HTML Success","Type":"Default"},"stencil":{"id":"Flow"},"childShapes":[],"outgoing":[{"resourceId":"oryx_1FB5905E-6FB8-448C-B023-3E630F1755D6"}],"bounds":{"lowerRight":{"x":362,"y":599.3440333262558},"upperLeft":{"x":355.62882760679804,"y":562.8126512183389}},"dockers":[{"x":76.5,"y":1},{"x":362,"y":580},{"x":66.25,"y":71}],"target":{"resourceId":"oryx_1FB5905E-6FB8-448C-B023-3E630F1755D6"}},{"resourceId":"oryx_554FC2CF-743E-4CF6-BDB3-E7960297C3DE","properties":{"Name":"Attach Dependencies Failure","id":"Attach Dependencies Failure","Type":"Default"},"stencil":{"id":"Flow"},"childShapes":[],"outgoing":[{"resourceId":"oryx_72F377A2-466C-442F-88A0-9B62DDA2A8AB"}],"bounds":{"lowerRight":{"x":1021,"y":569.6672872346273},"upperLeft":{"x":312.3531274795532,"y":320.75}},"dockers":[{"x":86.4951171875,"y":40},{"x":1021,"y":320.75},{"x":76,"y":35.10033569806478}],"target":{"resourceId":"oryx_72F377A2-466C-442F-88A0-9B62DDA2A8AB"}},{"resourceId":"oryx_77938494-784F-4812-9E4C-3B5CB524F5A7","properties":{"Name":"Retry Attach Dependencies","id":"Retry Attach Dependencies","Type":"Default"},"stencil":{"id":"Flow"},"childShapes":[],"outgoing":[{"resourceId":"oryx_AAA15964-7D8A-4A58-BBB7-2884E3A2E482"}],"bounds":{"lowerRight":{"x":1035,"y":569.6974010467529},"upperLeft":{"x":312.70703125,"y":301.25}},"dockers":[{"x":90,"y":32.46630859375},{"x":1035,"y":301.25},{"x":101,"y":20.5}],"target":{"resourceId":"oryx_AAA15964-7D8A-4A58-BBB7-2884E3A2E482"}},{"resourceId":"oryx_C715BDBB-7650-44CC-8FD1-36237A9EBAE3","properties":{"Name":"Retry Generate HTML","id":"Retry Generate HTML","Type":"Default"},"stencil":{"id":"Flow"},"childShapes":[],"outgoing":[{"resourceId":"oryx_936BF756-2C3B-479D-A694-C557F411C029"}],"bounds":{"lowerRight":{"x":953,"y":657.0000778300829},"upperLeft":{"x":387.1783814643401,"y":652.4597503508501}},"dockers":[{"x":8,"y":57.45166460750818},{"x":953,"y":657.0000778300829},{"x":93.32144813810316,"y":57.00007783008289}],"target":{"resourceId":"oryx_936BF756-2C3B-479D-A694-C557F411C029"}},{"resourceId":"oryx_E7EF8588-4C6D-4C93-A1AA-05827B4DE288","properties":{"Name":"OptimostExperiments Bypass","id":"OptimostExperiments Bypass","Type":"Default"},"stencil":{"id":"Flow"},"childShapes":[],"outgoing":[{"resourceId":"oryx_6D278D02-43D3-451C-8C21-1B66611376E4"}],"bounds":{"lowerRight":{"x":305,"y":867.5574250270815},"upperLeft":{"x":214.17476781754053,"y":774.59375}},"dockers":[{"x":79.17476781754052,"y":15.076566702775267},{"x":214.17476781754053,"y":825},{"x":305,"y":825},{"x":20,"y":20}],"target":{"resourceId":"oryx_6D278D02-43D3-451C-8C21-1B66611376E4"}},{"resourceId":"oryx_D0FF66EB-18B6-408D-A1EF-29B91733FD0E","properties":{"Name":"OptimostExperiments Success","id":"OptimostExperiments Success","Type":"Default"},"stencil":{"id":"Flow"},"childShapes":[],"outgoing":[{"resourceId":"oryx_8161A385-9D83-4266-9956-325AA4B924AB"}],"bounds":{"lowerRight":{"x":443.30757139142895,"y":909},"upperLeft":{"x":237.8956954600019,"y":907}},"dockers":[{"x":82.45083209143064,"y":40},{"x":50,"y":40}],"target":{"resourceId":"oryx_8161A385-9D83-4266-9956-325AA4B924AB"}},{"resourceId":"oryx_A48EAB4B-C128-424C-9BF3-C3F890D7D219","properties":{"Name":"OptimostExperiments Failure","id":"OptimostExperiments Failure","Type":"Default"},"stencil":{"id":"Flow"},"childShapes":[],"outgoing":[{"resourceId":"oryx_72F377A2-466C-442F-88A0-9B62DDA2A8AB"}],"bounds":{"lowerRight":{"x":1011,"y":996},"upperLeft":{"x":212.81622353276614,"y":652.5170993804932}},"dockers":[{"x":77.81622353276614,"y":65.34989322654246},{"x":212.81622353276614,"y":996},{"x":1011,"y":996},{"x":66,"y":64.5753173828125}],"target":{"resourceId":"oryx_72F377A2-466C-442F-88A0-9B62DDA2A8AB"}},{"resourceId":"oryx_2AD4F068-29A6-4A9D-A690-6ED82B09FE2F","properties":{"Name":"OptimostExperiments Cancel Job","id":"OptimostExperiments Cancel Job","Type":"Default"},"stencil":{"id":"Flow"},"childShapes":[],"outgoing":[{"resourceId":"oryx_3F121457-C20B-44E3-88E5-40FC4C6A3AE5"}],"bounds":{"lowerRight":{"x":1064.45,"y":1018},"upperLeft":{"x":153.5,"y":950.0500000000001}},"dockers":[{"x":18.5,"y":71.20000000000004},{"x":153.5,"y":1018},{"x":1064.45,"y":1018},{"x":14.45,"y":14.45}],"target":{"resourceId":"oryx_3F121457-C20B-44E3-88E5-40FC4C6A3AE5"}},{"resourceId":"oryx_BB958D96-8CE6-4338-AEF0-15C6A25528BA","properties":{"Name":"OptimostCreatives Success","id":"OptimostCreatives Success","Type":"Default"},"stencil":{"id":"Flow"},"childShapes":[],"outgoing":[{"resourceId":"oryx_0B11DA9E-54B8-4D40-A374-D2C1DA28599A"}],"bounds":{"lowerRight":{"x":719.5755788122924,"y":930},"upperLeft":{"x":546.6284269894669,"y":928}},"dockers":[{"x":81.203125,"y":61},{"x":32.545616708849366,"y":61}],"target":{"resourceId":"oryx_0B11DA9E-54B8-4D40-A374-D2C1DA28599A"}},{"resourceId":"oryx_FE666F17-53B4-4897-A8A4-230C9785D59E","properties":{"Name":"OptimostCreatives Failure","id":"OptimostCreatives Failure","Type":"Default"},"stencil":{"id":"Flow"},"childShapes":[],"outgoing":[{"resourceId":"oryx_72F377A2-466C-442F-88A0-9B62DDA2A8AB"}],"bounds":{"lowerRight":{"x":992,"y":908},"upperLeft":{"x":546.1875,"y":652.471264545288}},"dockers":[{"x":50,"y":40},{"x":620,"y":908},{"x":620,"y":842},{"x":992,"y":842},{"x":47,"y":72.1009988671874}],"target":{"resourceId":"oryx_72F377A2-466C-442F-88A0-9B62DDA2A8AB"}},{"resourceId":"oryx_58A75167-F9BB-4B09-8714-5C7BD4802ACD","properties":{"Name":"OptimostJavaScript Success","id":"OptimostJavaScript Success","Type":"Default"},"stencil":{"id":"Flow"},"childShapes":[],"outgoing":[{"resourceId":"oryx_6D278D02-43D3-451C-8C21-1B66611376E4"}],"bounds":{"lowerRight":{"x":736,"y":867.3205466063637},"upperLeft":{"x":325.36132809885453,"y":755.0046560658433}},"dockers":[{"x":16,"y":36.5048935966538},{"x":736,"y":755.0985576367464},{"x":20,"y":20}],"target":{"resourceId":"oryx_6D278D02-43D3-451C-8C21-1B66611376E4"}},{"resourceId":"oryx_E97C932B-819C-4954-BA0E-5E389F392270","properties":{"Name":"OptimostJavaScript Failure","id":"OptimostJavaScript Failure","Type":"Default"},"stencil":{"id":"Flow"},"childShapes":[],"outgoing":[{"resourceId":"oryx_72F377A2-466C-442F-88A0-9B62DDA2A8AB"}],"bounds":{"lowerRight":{"x":1002.4868005398777,"y":933},"upperLeft":{"x":822.2086995216441,"y":652.1935383652207}},"dockers":[{"x":85.84614858789553,"y":65},{"x":1002.4868005398777,"y":933},{"x":57.48680053987766,"y":63.65371710164527}],"target":{"resourceId":"oryx_72F377A2-466C-442F-88A0-9B62DDA2A8AB"}},{"resourceId":"oryx_BC95AB47-225A-4CAB-8BC8-5967E9125BD1","properties":{"Name":"OptimostActivate Success","id":"OptimostActivate Success","Type":"Default"},"stencil":{"id":"Flow"},"childShapes":[],"outgoing":[{"resourceId":"oryx_2F1E6CC5-CE04-4F3C-BE3D-174A857AF623"}],"bounds":{"lowerRight":{"x":1409.7774205698465,"y":1106.2801316422953},"upperLeft":{"x":1220.75,"y":1045}},"dockers":[{"x":12.180754898658506,"y":48.28013164229537},{"x":1260,"y":1106.2801316422953},{"x":1260,"y":1045},{"x":50,"y":40}],"target":{"resourceId":"oryx_2F1E6CC5-CE04-4F3C-BE3D-174A857AF623"}},{"resourceId":"oryx_F764D938-F335-4A09-8B9D-7BE4CC723145","properties":{"Name":"OptimostActivate Failure","id":"OptimostActivate Failure","Type":"Default"},"stencil":{"id":"Flow"},"childShapes":[],"outgoing":[{"resourceId":"oryx_72F377A2-466C-442F-88A0-9B62DDA2A8AB"}],"bounds":{"lowerRight":{"x":1409.734375,"y":1081},"upperLeft":{"x":1047.015834339509,"y":635.4352410598152}},"dockers":[{"x":11,"y":23},{"x":1275,"y":1081},{"x":1275,"y":635.4352410598152},{"x":89.75431799555031,"y":65.43524105981521}],"target":{"resourceId":"oryx_72F377A2-466C-442F-88A0-9B62DDA2A8AB"}},{"resourceId":"oryx_76413491-076E-49AD-93F8-AC4C81DF3730","properties":{"Name":"Retry OptimostExperiments","id":"Retry OptimostExperiments","Type":"Default"},"stencil":{"id":"Flow"},"childShapes":[],"outgoing":[{"resourceId":"oryx_1167C152-FC11-4434-B702-73C6B6B320FC"}],"bounds":{"lowerRight":{"x":978.2041789225304,"y":891},"upperLeft":{"x":237.40629529555838,"y":652.9198311847981}},"dockers":[{"x":33.204178922530446,"y":70.49359992986683},{"x":978.2041789225304,"y":803},{"x":370,"y":803},{"x":370,"y":891},{"x":86.30439824201278,"y":23}],"target":{"resourceId":"oryx_1167C152-FC11-4434-B702-73C6B6B320FC"}},{"resourceId":"oryx_0C57C535-4695-4485-A390-BC7D9FC64BA3","properties":{"Name":"Retry OptimostCreatives","id":"Retry OptimostCreatives","Type":"Default"},"stencil":{"id":"Flow"},"childShapes":[],"outgoing":[{"resourceId":"oryx_8161A385-9D83-4266-9956-325AA4B924AB"}],"bounds":{"lowerRight":{"x":988.0840774665243,"y":890},"upperLeft":{"x":546.6970049915151,"y":652.5564193954265}},"dockers":[{"x":43.08407746652426,"y":70.32684735512157},{"x":988.0840774665243,"y":820},{"x":599,"y":820},{"x":599,"y":890},{"x":75.66530975481328,"y":22}],"target":{"resourceId":"oryx_8161A385-9D83-4266-9956-325AA4B924AB"}},{"resourceId":"oryx_223959E2-13C6-4993-9109-0A775CC05811","properties":{"Name":"Retry OptimostJavaScript","id":"Retry OptimostJavaScript","Type":"Default"},"stencil":{"id":"Flow"},"childShapes":[],"outgoing":[{"resourceId":"oryx_0B11DA9E-54B8-4D40-A374-D2C1DA28599A"}],"bounds":{"lowerRight":{"x":995.8993600471454,"y":890},"upperLeft":{"x":822.9779573801263,"y":652.1037192111123}},"dockers":[{"x":50.899360047145365,"y":70.37776374712143},{"x":995.8993600471454,"y":890},{"x":85.62637251399633,"y":22}],"target":{"resourceId":"oryx_0B11DA9E-54B8-4D40-A374-D2C1DA28599A"}},{"resourceId":"oryx_BBA2AB30-F23A-40FC-849D-A27046360440","properties":{"Name":"Retry OptimostActivate","id":"Retry OptimostActivate","Type":"Default"},"stencil":{"id":"Flow"},"childShapes":[],"outgoing":[{"resourceId":"oryx_DEA7DB56-7B52-45A1-9371-1C78D84494C2"}],"bounds":{"lowerRight":{"x":1409.7811367222402,"y":1124.7214086870853},"upperLeft":{"x":1024.4158622359214,"y":652.6534930007961}},"dockers":[{"x":79.4158622359214,"y":61.420445690384554},{"x":1024.4158622359214,"y":1124.7214086870853},{"x":28.263185535074626,"y":66.72140868708538}],"target":{"resourceId":"oryx_DEA7DB56-7B52-45A1-9371-1C78D84494C2"}},{"resourceId":"oryx_FEF257BC-F6CC-4E1D-8FEA-F91B3DD285DD","properties":{"Name":"Job Complete Email Failure","id":"Job Complete Email Failure","Type":"Default"},"stencil":{"id":"Flow"},"childShapes":[],"outgoing":[{"resourceId":"oryx_72F377A2-466C-442F-88A0-9B62DDA2A8AB"}],"bounds":{"lowerRight":{"x":1117.375718717128,"y":869},"upperLeft":{"x":1033.5575668232463,"y":652.1039549800719}},"dockers":[{"x":28.648436015088464,"y":17.25},{"x":1033.5575668232463,"y":869},{"x":88.55756682324636,"y":63.635495674676804}],"target":{"resourceId":"oryx_72F377A2-466C-442F-88A0-9B62DDA2A8AB"}},{"resourceId":"oryx_12A785E0-9D7E-4EF6-A448-6119F0D7CFCE","properties":{"Name":"Review Notification Email Failure","id":"Review Notification Email Failure","Type":"Default"},"stencil":{"id":"Flow"},"childShapes":[],"outgoing":[{"resourceId":"oryx_72F377A2-466C-442F-88A0-9B62DDA2A8AB"}],"bounds":{"lowerRight":{"x":1458,"y":607.8810635732508},"upperLeft":{"x":1047.5749108731811,"y":491.21468254652813}},"dockers":[{"x":27,"y":59.0259773274787},{"x":1458,"y":607.8810635732508},{"x":82.22362856251288,"y":37.8810635732508}],"target":{"resourceId":"oryx_72F377A2-466C-442F-88A0-9B62DDA2A8AB"}},{"resourceId":"oryx_AFB27CD0-1DE1-42DE-9CBD-1F21D3CE1C26","properties":{"Name":"Revision Notification Email Failure","id":"Revision Notification Email Failure","Type":"Default"},"stencil":{"id":"Flow"},"childShapes":[],"outgoing":[{"resourceId":"oryx_72F377A2-466C-442F-88A0-9B62DDA2A8AB"}],"bounds":{"lowerRight":{"x":1618,"y":621.8450216499601},"upperLeft":{"x":1047.5560959898903,"y":491.3001217605138}},"dockers":[{"x":21,"y":66.04046107485851},{"x":1618,"y":621.8450216499601},{"x":85.491407925349,"y":51.84502164996013}],"target":{"resourceId":"oryx_72F377A2-466C-442F-88A0-9B62DDA2A8AB"}},{"resourceId":"oryx_9084E452-A978-4E1E-8E12-702648F50316","properties":{"Name":"Skip Tag Files","id":"Skip Tag Files","Type":"Conditional","Expression":"$IW_SCRIPT(TagFileIsFalse)"},"stencil":{"id":"ConditionalLink"},"childShapes":[],"outgoing":[{"resourceId":"oryx_045F05BC-F120-4F8C-A4BC-46E3A56C4353"}],"bounds":{"lowerRight":{"x":673.2812728260993,"y":468.2188633974736},"upperLeft":{"x":595.4999771739007,"y":467.69331410252635}},"dockers":[{"x":20,"y":20},{"x":50,"y":40}],"target":{"resourceId":"oryx_045F05BC-F120-4F8C-A4BC-46E3A56C4353"}},{"resourceId":"oryx_A55FF421-4105-44DF-9B55-57E7FB144FD7","properties":{"Name":"Start Tag Files","id":"Start Tag Files","Type":"Conditional","Expression":"$IW_SCRIPT(TagFileIsTrue)"},"stencil":{"id":"ConditionalLink"},"childShapes":[],"outgoing":[{"resourceId":"oryx_3B3A7696-44B4-4EE9-9B4D-ED4F5F225038"}],"bounds":{"lowerRight":{"x":673.2812728260993,"y":448.62862875},"upperLeft":{"x":576,"y":367.84269410252636}},"dockers":[{"x":20,"y":20},{"x":576,"y":368.5},{"x":50,"y":40}],"target":{"resourceId":"oryx_3B3A7696-44B4-4EE9-9B4D-ED4F5F225038"}},{"resourceId":"oryx_60B86DF9-AC29-48D3-A581-372A73B8DDF3","properties":{"Name":"Deploy Files Submit","id":"Deploy Files Submit","Type":"Conditional","Expression":"SCRIPT(SubmitFlagIsTrue)"},"stencil":{"id":"ConditionalLink"},"childShapes":[],"outgoing":[{"resourceId":"oryx_688192F3-FA34-4B9B-9D0E-658C2E7CC2CA"}],"bounds":{"lowerRight":{"x":1502,"y":956.5064868927002},"upperLeft":{"x":1437.4299513309658,"y":901.1653718475146}},"dockers":[{"x":20.5,"y":20.5},{"x":1502,"y":942.9166259765625},{"x":1460.5,"y":942.9166259765625},{"x":20.5,"y":20.5}],"target":{"resourceId":"oryx_688192F3-FA34-4B9B-9D0E-658C2E7CC2CA"}},{"resourceId":"oryx_40BF643F-35C5-48D6-BC1D-0AEBC63B9903","properties":{"FromGatewayPosition":"Bottom","Name":"Deploy Files Job Complete Email","id":"Deploy Files Job Complete Email","Type":"Conditional","Expression":"$IW_SCRIPT(SubmitFlagIsFalse)"},"stencil":{"id":"ConditionalLink"},"childShapes":[],"outgoing":[{"resourceId":"oryx_AD452971-5D32-45D3-99BE-D245DF7D8E49"}],"bounds":{"lowerRight":{"x":1404.6374079790603,"y":892.6718855070603},"upperLeft":{"x":1220.13715452094,"y":891.9531144929397}},"dockers":[{"x":20,"y":20},{"x":50,"y":40}],"target":{"resourceId":"oryx_AD452971-5D32-45D3-99BE-D245DF7D8E49"}},{"resourceId":"oryx_B43B3313-F74B-4C39-AD9C-E867DFA4EEDB","properties":{"Name":"No Review","id":"No Review","Type":"Conditional","Expression":"$IW_SCRIPT(ReviewFlagIsFalse)"},"stencil":{"id":"ConditionalLink"},"childShapes":[],"outgoing":[{"resourceId":"oryx_CEA03F68-F985-40E4-BF12-F0456B64F756"}],"bounds":{"lowerRight":{"x":1415.5983585811013,"y":881.4332582900165},"upperLeft":{"x":1341.3516,"y":469.302734375}},"dockers":[{"x":20,"y":20},{"x":1341.3516,"y":789},{"x":20,"y":20}],"target":{"resourceId":"oryx_CEA03F68-F985-40E4-BF12-F0456B64F756"}},{"resourceId":"oryx_218A38DB-0819-4760-B7B8-7601A475D211","properties":{"Name":"Review Required","id":"Review Required","Type":"Conditional","Expression":"$IW_SCRIPT(ReviewFlagIsTrue)"},"stencil":{"id":"ConditionalLink"},"childShapes":[],"outgoing":[{"resourceId":"oryx_FD8E7CF5-99A7-4A3D-8B72-CC9154675B22"}],"bounds":{"lowerRight":{"x":1430.9048850128365,"y":449.61002684250473},"upperLeft":{"x":1360.8986274871631,"y":449.10872315749526}},"dockers":[{"x":20,"y":20},{"x":50,"y":40}],"target":{"resourceId":"oryx_FD8E7CF5-99A7-4A3D-8B72-CC9154675B22"}},{"resourceId":"oryx_1349B575-374A-4E3B-89E9-048F7BA21099","properties":{"Name":"Production Deployment Required","id":"Production Deployment Required","Type":"Conditional","Expression":"$IW_SCRIPT(ProdDeployRequired)"},"stencil":{"id":"ConditionalLink"},"childShapes":[],"outgoing":[{"resourceId":"oryx_65D88824-F4D8-47C7-B567-7A008F01CCBB"}],"bounds":{"lowerRight":{"x":1799.6348382924156,"y":775.6557238805163},"upperLeft":{"x":1502.1165909511394,"y":748.8590501193603}},"dockers":[{"x":20,"y":20},{"x":1513,"y":772.2000122070312},{"x":50,"y":40}],"target":{"resourceId":"oryx_65D88824-F4D8-47C7-B567-7A008F01CCBB"}},{"resourceId":"oryx_0D600169-3728-459E-BD4B-B12A12B8D807","properties":{"ToGatewayPosition":"Top","Name":"No Production Deployment","id":"No Production Deployment","Type":"Conditional","Expression":"$IW_SCRIPT(ProdDeployNotRequired)"},"stencil":{"id":"ConditionalLink"},"childShapes":[],"outgoing":[{"resourceId":"oryx_CEA03F68-F985-40E4-BF12-F0456B64F756"}],"bounds":{"lowerRight":{"x":1475.6644686676034,"y":873.1464863001181},"upperLeft":{"x":1424.726966107197,"y":734}},"dockers":[{"x":20,"y":20},{"x":1425,"y":734},{"x":20,"y":20}],"target":{"resourceId":"oryx_CEA03F68-F985-40E4-BF12-F0456B64F756"}},{"resourceId":"oryx_6CBCFAAD-801F-4B51-8529-AE18F4AC92D4","properties":{"Name":"Optimost Activation Required","id":"Optimost Activation Required","Type":"Conditional","Expression":"$IW_SCRIPT(ProductionFlagIsTrue)"},"stencil":{"id":"ConditionalLink"},"childShapes":[],"outgoing":[{"resourceId":"oryx_DEA7DB56-7B52-45A1-9371-1C78D84494C2"}],"bounds":{"lowerRight":{"x":1461,"y":1057.4996495769362},"upperLeft":{"x":1459,"y":997.3662533648164}},"dockers":[{"x":20,"y":20},{"x":50,"y":22.286684612354747}],"target":{"resourceId":"oryx_DEA7DB56-7B52-45A1-9371-1C78D84494C2"}},{"resourceId":"oryx_ECB83A58-8412-45C0-8FD9-0492C75D86BF","properties":{"Name":"No Optimost Activation Required","id":"No Optimost Activation Required","Type":"Conditional","Expression":"$IW_SCRIPT(ProductionFlagIsFalse)"},"stencil":{"id":"ConditionalLink"},"childShapes":[],"outgoing":[{"resourceId":"oryx_CEA03F68-F985-40E4-BF12-F0456B64F756"}],"bounds":{"lowerRight":{"x":1440.2407656250002,"y":977},"upperLeft":{"x":1424.6885,"y":912.837890625}},"dockers":[{"x":20,"y":20},{"x":1424.6885,"y":977},{"x":20,"y":20}],"target":{"resourceId":"oryx_CEA03F68-F985-40E4-BF12-F0456B64F756"}},{"resourceId":"oryx_7E1FF01E-4D49-4A75-950F-B58F1CE7EA5C","properties":{"Name":"Optimost Experiments Required","id":"Optimost Activation Required167","Type":"Conditional","Expression":"$IW_SCRIPT(ProductionFlagIsTrue)"},"stencil":{"id":"ConditionalLink"},"childShapes":[],"outgoing":[{"resourceId":"oryx_1167C152-FC11-4434-B702-73C6B6B320FC"}],"bounds":{"lowerRight":{"x":186,"y":867.8046875},"upperLeft":{"x":185,"y":774.703125}},"dockers":[{"x":20,"y":20},{"x":186,"y":821.5},{"x":185,"y":821.5},{"x":50,"y":40}],"target":{"resourceId":"oryx_1167C152-FC11-4434-B702-73C6B6B320FC"}},{"resourceId":"oryx_C2C41AF6-2FCB-4051-A99B-F0DACFA133F2","properties":{"Name":"No Optimost Experiments Required","id":"No Optimost Activation Required169","Type":"Conditional","Expression":"$IW_SCRIPT(ProductionFlagIsFalse)"},"stencil":{"id":"ConditionalLink"},"childShapes":[],"outgoing":[{"resourceId":"oryx_6D278D02-43D3-451C-8C21-1B66611376E4"}],"bounds":{"lowerRight":{"x":285.40625,"y":756},"upperLeft":{"x":205.59375,"y":754}},"dockers":[{"x":20,"y":20},{"x":20,"y":20}],"target":{"resourceId":"oryx_6D278D02-43D3-451C-8C21-1B66611376E4"}},{"resourceId":"oryx_EF16AA6F-6933-439A-81F8-E93A3DA9C364","properties":{"FromGatewayPosition":"Bottom","Name":"Start Generate HTML","id":"Start Generate HTML","Type":"Conditional","Expression":"$IW_SCRIPT(ConvertPagesToHtmlIsTrue)"},"stencil":{"id":"ConditionalLink"},"childShapes":[],"outgoing":[{"resourceId":"oryx_936BF756-2C3B-479D-A694-C557F411C029"}],"bounds":{"lowerRight":{"x":304.81092114847666,"y":734.8675927814561},"upperLeft":{"x":304.32189135152333,"y":682.7975334652109}},"dockers":[{"x":20,"y":20},{"x":19,"y":48.52374918534565}],"target":{"resourceId":"oryx_936BF756-2C3B-479D-A694-C557F411C029"}},{"resourceId":"oryx_DC32A1BA-FD93-4D9B-811E-1E6A6D98A99D","properties":{"Name":"Skip Generate HTML","id":"Skip Generate HTML","Type":"Conditional","Expression":"$IW_SCRIPT(DoNotConvertPagesHTML)"},"stencil":{"id":"ConditionalLink"},"childShapes":[],"outgoing":[{"resourceId":"oryx_1FB5905E-6FB8-448C-B023-3E630F1755D6"}],"bounds":{"lowerRight":{"x":293.84969809841936,"y":746.0092149352631},"upperLeft":{"x":262,"y":529.7687175105195}},"dockers":[{"x":20.5,"y":20.5},{"x":262,"y":720.0632230131271},{"x":1,"y":41}],"target":{"resourceId":"oryx_1FB5905E-6FB8-448C-B023-3E630F1755D6"}},{"resourceId":"oryx_F275D9C1-F651-499B-875D-88B29DE24015","properties":{"Name":"Attach Dependencies Success","id":"Attach Dependencies Success","Type":"Default"},"stencil":{"id":"Flow"},"childShapes":[],"outgoing":[{"resourceId":"oryx_9D51B107-02DD-470B-B12A-D736223710C0"}],"bounds":{"lowerRight":{"x":443.640625,"y":370.75},"upperLeft":{"x":260,"y":363.15625}},"dockers":[{"x":50,"y":40},{"x":260,"y":370.75},{"x":50,"y":40}],"target":{"resourceId":"oryx_9D51B107-02DD-470B-B12A-D736223710C0"}},{"resourceId":"oryx_C5583C4E-A533-4A45-884E-63EF5C9B2115","properties":{"ToGatewayPosition":"Bottom","Name":"Attach Deployment Target Success","id":"Attach Deployment Target Success","Type":"Default"},"stencil":{"id":"Flow"},"childShapes":[],"outgoing":[{"resourceId":"oryx_6736B1D9-5423-451F-AB80-0B980F5AFC63"}],"bounds":{"lowerRight":{"x":524.9211725892429,"y":667.5115903605771},"upperLeft":{"x":387.289764910757,"y":560.6134096394229}},"dockers":[{"x":50,"y":40},{"x":16,"y":20}],"target":{"resourceId":"oryx_6736B1D9-5423-451F-AB80-0B980F5AFC63"}},{"resourceId":"oryx_DF1D1C39-7B2E-4A3E-AF99-3EF9086D32D2","properties":{"Name":"Attach Deployment Target Failure","id":"Attach Deployment Target Failure","Type":"Default"},"stencil":{"id":"Flow"},"childShapes":[],"outgoing":[{"resourceId":"oryx_72F377A2-466C-442F-88A0-9B62DDA2A8AB"}],"bounds":{"lowerRight":{"x":944.5359731903684,"y":588.107977400546},"upperLeft":{"x":387.57421875,"y":520}},"dockers":[{"x":50,"y":40},{"x":661,"y":520},{"x":661,"y":588.107977400546},{"x":9.123578015027305,"y":18.10797740054602}],"target":{"resourceId":"oryx_72F377A2-466C-442F-88A0-9B62DDA2A8AB"}},{"resourceId":"oryx_825E4A78-8256-47F5-B1D1-25FC87616114","properties":{"Name":"Retry Attach Deployment Target","id":"Retry Attach Deployment Target","Type":"Default"},"stencil":{"id":"Flow"},"childShapes":[],"outgoing":[{"resourceId":"oryx_1FB5905E-6FB8-448C-B023-3E630F1755D6"}],"bounds":{"lowerRight":{"x":944.720327602133,"y":580.3408846715197},"upperLeft":{"x":387.97804260251683,"y":497.0003653403203}},"dockers":[{"x":11.928471000593731,"y":10.340884671519688},{"x":670,"y":580.3408846715197},{"x":670,"y":497.0003653403203},{"x":75.36914062497567,"y":17.00036534032023}],"target":{"resourceId":"oryx_1FB5905E-6FB8-448C-B023-3E630F1755D6"}},{"resourceId":"oryx_23534E82-1701-4BDC-87A2-BC900D4185A8","properties":{"Name":"Check Untranslated Assets Success","id":"Check Untranslated Assets Success","Type":"Default"},"stencil":{"id":"Flow"},"childShapes":[],"outgoing":[{"resourceId":"oryx_D6428313-7F44-4C2F-B6FB-128D796055C5"}],"bounds":{"lowerRight":{"x":186,"y":735.97265625},"upperLeft":{"x":184,"y":472.171875}},"dockers":[{"x":50,"y":40},{"x":19,"y":5}],"target":{"resourceId":"oryx_D6428313-7F44-4C2F-B6FB-128D796055C5"}},{"resourceId":"oryx_26C6F531-8BDD-4F72-9B9B-E4145A91763B","properties":{"Name":"Check Untranslated Assets Failure","id":"Check Untranslated Assets Failure","Type":"Default"},"stencil":{"id":"Flow"},"childShapes":[],"outgoing":[{"resourceId":"oryx_72F377A2-466C-442F-88A0-9B62DDA2A8AB"}],"bounds":{"lowerRight":{"x":944.7039305769347,"y":608},"upperLeft":{"x":237.96875,"y":431}},"dockers":[{"x":101,"y":41},{"x":484,"y":431},{"x":484,"y":608},{"x":8.032564395616077,"y":38}],"target":{"resourceId":"oryx_72F377A2-466C-442F-88A0-9B62DDA2A8AB"}},{"resourceId":"oryx_457C8D29-0C38-452B-80CD-7A55BF6DC50D","properties":{"Name":"Retry Check Untranslated Assets","id":"Retry Check Untranslated Assets","Type":"Default"},"stencil":{"id":"Flow"},"childShapes":[],"outgoing":[{"resourceId":"oryx_2D8F6ED1-A213-4231-9A0C-AE81D48D14A0"}],"bounds":{"lowerRight":{"x":944.9405903131253,"y":634.3691409370134},"upperLeft":{"x":237.66156696941326,"y":465.20330143620913}},"dockers":[{"x":14.376671165301672,"y":64.36914093701341},{"x":468,"y":634.3691409370134},{"x":468,"y":465.20330143620913},{"x":95.15807688421603,"y":75.20330143620913}],"target":{"resourceId":"oryx_2D8F6ED1-A213-4231-9A0C-AE81D48D14A0"}},{"resourceId":"oryx_8425713F-AE9F-4463-8BF3-AD8EEB23E79F","properties":{"Name":"Check Migration Status Success","id":"Check Migration Status Success","Type":"Default"},"stencil":{"id":"Flow"},"childShapes":[],"outgoing":[{"resourceId":"oryx_2D8F6ED1-A213-4231-9A0C-AE81D48D14A0"}],"bounds":{"lowerRight":{"x":474.53872043030333,"y":416},"upperLeft":{"x":237.69236143314396,"y":413.34375}},"dockers":[{"x":30.53872043030333,"y":56},{"x":474.53872043030333,"y":416},{"x":85.8359375,"y":26}],"target":{"resourceId":"oryx_2D8F6ED1-A213-4231-9A0C-AE81D48D14A0"}},{"resourceId":"oryx_6E9858E2-D34C-4E66-9372-DED1635C165B","properties":{"Name":"Check Migration Status Failure","id":"Check Migration Status Failure","Type":"Default"},"stencil":{"id":"Flow"},"childShapes":[],"outgoing":[{"resourceId":"oryx_72F377A2-466C-442F-88A0-9B62DDA2A8AB"}],"bounds":{"lowerRight":{"x":944.4375,"y":599},"upperLeft":{"x":494,"y":412.763671875}},"dockers":[{"x":50,"y":40},{"x":494,"y":599},{"x":15,"y":29}],"target":{"resourceId":"oryx_72F377A2-466C-442F-88A0-9B62DDA2A8AB"}},{"resourceId":"oryx_FF1A35BA-322B-40EC-AAE5-3516555A96CE","properties":{"Name":"Check Migration Status Success","id":"Check Migration Status Id","Type":"Default"},"stencil":{"id":"Flow"},"childShapes":[],"outgoing":[{"resourceId":"oryx_9D51B107-02DD-470B-B12A-D736223710C0"}],"bounds":{"lowerRight":{"x":944.6744342263637,"y":628},"upperLeft":{"x":535.296864247398,"y":413.2431641414404}},"dockers":[{"x":17.35644926615896,"y":58},{"x":535.296864247398,"y":628},{"x":91.29686424739805,"y":14.000000103634477}],"target":{"resourceId":"oryx_9D51B107-02DD-470B-B12A-D736223710C0"}},{"resourceId":"oryx_11B0C67B-9AD2-4C7E-BE59-DB914EF77D6B","properties":{"AreaVPath":"$IW_WORKAREA","Brief Description":"","Description":"","Name":"Download RSS Content","id":"Download RSS Content","CSSclass":"Task","Owner":"$IW_USER","URI":"http://$IW_SERVER:$IW_PORT/iw-cc/urlexternaltask","Retry":"true","Lock":"false","Readonly":"false","Transferonly":"false","Variables":"ClassName=com.ups.teamsite.workflow.task.DownloadFromRSSTask|iw_success_transition=RSS Deployed|iw_failure_transition=RSS Deployed|RSS_feed_URL=$IW_CV(RSS_feed_URL)|RSS_File_Path=$IW_CV(RSS_File_Path)","Eafinishop":"","Eastartop":"","Wfvarfinishop":"","Wfvarstartop":"","ActivationCount":"0","Status":"none","Valid":"none","BackgroundColor":"#c0c0c0","TaskType":"ItsURLTask"},"stencil":{"id":"URLTask"},"childShapes":[],"outgoing":[{"resourceId":"oryx_734086D0-C2BC-4FD6-AB33-11251FD8E46D"}],"bounds":{"lowerRight":{"x":1765,"y":1145},"upperLeft":{"x":1665,"y":1065}},"dockers":[]},{"resourceId":"oryx_9BF12B3F-8379-4362-8980-3A19CEC99C88","properties":{"Brief Description":"","Description":"","Name":"RSS Delay","id":"RSS Delay","Variables":"","Eafinishop":"","Eastartop":"","Wfvarfinishop":"","Wfvarstartop":"","ActivationCount":"0","Status":"none","Valid":"none","BackgroundColor":"#c0c0c0","TaskType":"ItsDummyTask","CSSclass":"Task"},"stencil":{"id":"DummyTask"},"childShapes":[],"outgoing":[{"resourceId":"oryx_DB7F388E-1F72-42B2-9AF9-AE0058239F0D"}],"bounds":{"lowerRight":{"x":1765,"y":875},"upperLeft":{"x":1665,"y":795}},"dockers":[]},{"resourceId":"oryx_554F37A5-E474-4B19-B4BD-BF0EBE6A30DE","properties":{"Name":"Production Deployment Success","id":"Flow5","Type":"Default"},"stencil":{"id":"Flow"},"childShapes":[],"outgoing":[{"resourceId":"oryx_9BF12B3F-8379-4362-8980-3A19CEC99C88"}],"bounds":{"lowerRight":{"x":1799.610765818644,"y":813.4088911283475},"upperLeft":{"x":1765.857984181356,"y":799.0795779480787}},"dockers":[{"x":51,"y":41},{"x":50,"y":40}],"target":{"resourceId":"oryx_9BF12B3F-8379-4362-8980-3A19CEC99C88"}},{"resourceId":"oryx_DB7F388E-1F72-42B2-9AF9-AE0058239F0D","properties":{"Name":"RSS Delay","id":"Flow6","Type":"Timeout","Timeout Duration":"+000001"},"stencil":{"id":"TimeoutLink"},"childShapes":[],"outgoing":[{"resourceId":"oryx_11B0C67B-9AD2-4C7E-BE59-DB914EF77D6B"}],"bounds":{"lowerRight":{"x":1715,"y":1064.0553274166393},"upperLeft":{"x":1714.9929243624803,"y":875.1875}},"dockers":[{"x":50,"y":40},{"x":1715,"y":967},{"x":1714.9929243624803,"y":958.9166259765625},{"x":50,"y":40}],"target":{"resourceId":"oryx_11B0C67B-9AD2-4C7E-BE59-DB914EF77D6B"}},{"resourceId":"oryx_734086D0-C2BC-4FD6-AB33-11251FD8E46D","properties":{"Name":"RSS Deployed","id":"Flow3","Type":"Default"},"stencil":{"id":"Flow"},"childShapes":[],"outgoing":[{"resourceId":"oryx_CEA03F68-F985-40E4-BF12-F0456B64F756"}],"bounds":{"lowerRight":{"x":1664.03125,"y":1105},"upperLeft":{"x":1444.641755859375,"y":892.75}},"dockers":[{"x":50,"y":40},{"x":1592,"y":1105},{"x":1592,"y":892.75},{"x":20,"y":20}],"target":{"resourceId":"oryx_CEA03F68-F985-40E4-BF12-F0456B64F756"}}],"bounds":{"lowerRight":{"x":2030.6173225085278,"y":1245},"upperLeft":{"x":0,"y":0}},"stencilset":{"url":"/iw-wfm/editor/stencilsets/iwov_process_model/iwovprocessmodels.json","namespace":"http://autonomy.com/stencilset/iwovwfm#"},"ssextensions":[],"modelVariables":[{"TaskId":"Attach Deployment Target","PropertyName":"Variables","VariableId":"AttachFilesTargetNodes","VariableValue":{"value":{"id":"AttachFilesTargetNodes","code":"\"development\" + (  /** if production is true then append the production string */  ( \"$IW_CV(ProductionFlag)\" == \"true\" )  ? \",production\"   : \"\");"},"type":"$IW_SCRIPT"},"TaskType":"CGITask","isDeleted":""},{"TaskId":"OptimostCreatives","PropertyName":"Variables","VariableId":"CreativePageType","VariableValue":{"value":{"id":"CreativePageType","code":"\"$IW_CV(ConvertPagesToHtmlFlag)\"  == \"true\" ? \"html\": \"page\""},"type":"$IW_SCRIPT"},"TaskType":"CGITask","isDeleted":""},{"TaskId":"CGITask","PropertyName":"Variables","VariableId":"AttachFilesTargetNodes","VariableValue":"","TaskType":"","isDeleted":""},{"TaskId":"Deploy Files","PropertyName":"Variables","VariableId":"DeployFilesSuccessMessage","VariableValue":{"value":{"id":"DeployFilesSuccessMessage","code":"if( \"$IW_CV(ReviewFlag)\" == \"true\" ){   \"Your files have been sent for review.\";}else{  \"Your files have been published.\";}"},"type":"$IW_SCRIPT"},"TaskType":"CGITask","isDeleted":""},{"TaskId":"CGITask","PropertyName":"Variables","VariableId":"DeployFilesTargetNodes","VariableValue":{"type":"$IW_SCRIPT","value":{"id":"DeployFilesTargetNodes","code":"\"development\" + (  /** if production is true and there's no review, all in one step! */  ( \"$IW_CV(ProductionFlag)\" == \"true\"      && \"$IW_CV(ReviewFlag)\" == \"false\" )  ? \",production\"   : \"\") + (  /** Add Staging */  ( \"$IW_CV(StagingFlag)\" == \"true\"      && \"$IW_CV(ReviewFlag)\" == \"false\" )  ? \",staging\"   : \"\") + (  /** Add ProductionTest */  ( \"$IW_CV(ProductionTestFlag)\" == \"true\"      && \"$IW_CV(ReviewFlag)\" == \"false\" )  ? \",productiontest\"   : \"\")  ;"}},"TaskType":"","isDeleted":""},{"TaskId":"URLTask","PropertyName":"Variables","VariableId":"Reviewer","VariableValue":"","TaskType":"","isDeleted":""},{"TaskId":"CGITask","PropertyName":"Variables","VariableId":"TargetNodes","VariableValue":"","TaskType":"","isDeleted":""},{"TaskId":"UserTask","PropertyName":"Owner","VariableId":"Reviewer","VariableValue":"","TaskType":"","isDeleted":""},{"TaskId":"CGITask","PropertyName":"Variables","VariableId":"DeployFilesSuccessMessage","VariableValue":"","TaskType":"","isDeleted":""},{"TaskId":"URLTask","PropertyName":"Variables","VariableId":"AuthorCommentsForReviewer","VariableValue":"","TaskType":"","isDeleted":""},{"TaskId":"CGITask","PropertyName":"Variables","VariableId":"CreativePageType","VariableValue":"","TaskType":"","isDeleted":""},{"TaskId":"Production Deployment","PropertyName":"Variables","VariableId":"TargetNodes","VariableValue":"","TaskType":"URLTask","isDeleted":""},{"TaskId":"Download RSS Content","PropertyName":"Variables","VariableId":"RSS_feed_URL","VariableValue":"","TaskType":"URLTask","isDeleted":""},{"TaskId":"Download RSS Content","PropertyName":"Variables","VariableId":"RSS_File_Path","VariableValue":"","TaskType":"URLTask","isDeleted":""},{"TaskId":"Publish LiveSite Content","PropertyName":"Brief Description","VariableId":"JobDescription","VariableValue":"","TaskType":"ModelProperties","isDeleted":""},{"TaskId":"Production Deployment Required","PropertyName":"Expression","VariableId":"ProdDeployRequired","VariableValue":{"type":"$IW_SCRIPT","value":{"id":"ProdDeployRequired","code":"( \"$IW_CV(ProductionFlag)\" == \"false\" && \"$IW_CV(ProductionTestFlag)\" == \"false\" && \"$IW_CV(StagingFlag)\" == \"false\") ? \"false\" : \"true\""}},"TaskType":"ConditionalLink","isDeleted":""},{"TaskId":"No Production Deployment","PropertyName":"Expression","VariableId":"ProdDeployNotRequired","VariableValue":"","TaskType":"ConditionalLink","isDeleted":""},{"TaskId":"Publish LiveSite Content","PropertyName":"Global Variables","VariableId":"TagFileIsTrue","VariableValue":{"value":{"id":"TagFileIsTrue","code":"\"$IW_CV(TagFlag)\" == \"true\" ? \"true\" : \"false\";"},"type":"$IW_SCRIPT"},"TaskType":"ModelProperties","isDeleted":""},{"TaskId":"Publish LiveSite Content","PropertyName":"Global Variables","VariableId":"Reviewer","VariableValue":{"value":{"id":"Reviewer","isHidden":false,"description":"","isReadOnly":false,"label":"Reviewer","defaultValue":"","datasource":"LiveSite Reviewers"},"type":"$IW_DS"},"TaskType":"ModelProperties","isDeleted":""},{"TaskId":"Publish LiveSite Content","PropertyName":"Global Variables","VariableId":"ReviewFlag","VariableValue":{"value":{"id":"ReviewFlag","isHidden":true,"description":"","isReadOnly":false,"label":"Review Required?","defaultValue":"false"},"type":"$IW_CV"},"TaskType":"ModelProperties","isDeleted":""},{"TaskId":"Publish LiveSite Content","PropertyName":"Global Variables","VariableId":"JobDescription","VariableValue":{"value":{"id":"JobDescription","isHidden":false,"description":"The description of the current job.","isReadOnly":false,"label":"Job Description","defaultValue":""},"type":"$IW_CV"},"TaskType":"ModelProperties","isDeleted":""},{"TaskId":"Publish LiveSite Content","PropertyName":"Global Variables","VariableId":"ScriptProductionFlag","VariableValue":{"value":{"id":"ScriptProductionFlag","code":"\"$IW_CV(TargetNodes)\".indexOf(\"production\") > -1 ? \"true\" : \"false\""},"type":"$IW_SCRIPT"},"TaskType":"ModelProperties","isDeleted":""},{"TaskId":"Publish LiveSite Content","PropertyName":"Global Variables","VariableId":"DefaultJobDescription","VariableValue":{"value":{"id":"DefaultJobDescription","isHidden":false,"description":"The default job description, used if one is not provided at instantiation time by the job creator.","isReadOnly":false,"label":"Default Job Description","defaultValue":"Publishes content to one or more target nodes, optionally including a review / revision loop."},"type":"$IW_CV"},"TaskType":"ModelProperties","isDeleted":""},{"TaskId":"Publish LiveSite Content","PropertyName":"Global Variables","VariableId":"ProductionTestFlag","VariableValue":{"type":"$IW_CV","value":{"id":"ProductionTestFlag","label":"Deploy to Production Test?","defaultValue":"false","description":"","isHidden":true,"isReadOnly":true}},"TaskType":"ModelProperties","isDeleted":""},{"TaskId":"Publish LiveSite Content","PropertyName":"Global Variables","VariableId":"SubmitFlag","VariableValue":{"value":{"id":"SubmitFlag","isHidden":true,"description":"","isReadOnly":true,"label":"Submit Files?","defaultValue":"false"},"type":"$IW_CV"},"TaskType":"ModelProperties","isDeleted":""},{"TaskId":"Publish LiveSite Content","PropertyName":"Global Variables","VariableId":"ReviewFlagIsTrue","VariableValue":{"value":{"id":"ReviewFlagIsTrue","code":"\"$IW_CV(ReviewFlag)\" == \"true\" ? \"true\" : \"false\""},"type":"$IW_SCRIPT"},"TaskType":"ModelProperties","isDeleted":""},{"TaskId":"Publish LiveSite Content","PropertyName":"Global Variables","VariableId":"AuthorCommentsForReviewer","VariableValue":{"value":{"id":"AuthorCommentsForReviewer","isHidden":false,"description":"These comments are included in the reviewer notification email.","isReadOnly":false,"label":"Comments For Reviewer","defaultValue":""},"type":"$IW_CV"},"TaskType":"ModelProperties","isDeleted":""},{"TaskId":"Publish LiveSite Content","PropertyName":"Global Variables","VariableId":"SubmitFlagIsTrue","VariableValue":{"value":{"id":"SubmitFlagIsTrue","code":"\"$IW_CV(SubmitFlag)\" == \"true\" ? \"true\" : \"false\";"},"type":"$IW_SCRIPT"},"TaskType":"ModelProperties","isDeleted":""},{"TaskId":"Publish LiveSite Content","PropertyName":"Global Variables","VariableId":"ReviewFlagIsFalse","VariableValue":{"value":{"id":"ReviewFlagIsFalse","code":"\"$IW_CV(ReviewFlag)\" == \"false\" ? \"true\" : \"false\""},"type":"$IW_SCRIPT"},"TaskType":"ModelProperties","isDeleted":""},{"TaskId":"Publish LiveSite Content","PropertyName":"Global Variables","VariableId":"ConvertPagesToHtmlIsTrue","VariableValue":{"value":{"id":"ConvertPagesToHtmlIsTrue","code":"\"$IW_CV(ConvertPagesToHtmlFlag)\" == \"true\" ? \"true\" : \"false\";"},"type":"$IW_SCRIPT"},"TaskType":"ModelProperties","isDeleted":""},{"TaskId":"Publish LiveSite Content","PropertyName":"Global Variables","VariableId":"TagFlag","VariableValue":{"value":{"id":"TagFlag","isHidden":true,"description":"","isReadOnly":true,"label":"Tag Files?","defaultValue":"true"},"type":"$IW_CV"},"TaskType":"ModelProperties","isDeleted":""},{"TaskId":"Publish LiveSite Content","PropertyName":"Global Variables","VariableId":"ProductionFlagIsFalse","VariableValue":{"value":{"id":"ProductionFlagIsFalse","code":"\"$IW_CV(ProductionFlag)\" == \"false\" ? \"true\" : \"false\""},"type":"$IW_SCRIPT"},"TaskType":"ModelProperties","isDeleted":""},{"TaskId":"Publish LiveSite Content","PropertyName":"Global Variables","VariableId":"ConvertPagesToHtmlFlag","VariableValue":{"value":{"id":"ConvertPagesToHtmlFlag","isHidden":false,"description":"Converts LiveSite pages to static html.","isReadOnly":false,"label":"Convert Pages to HTML","defaultValue":"false"},"type":"$IW_CV"},"TaskType":"ModelProperties","isDeleted":""},{"TaskId":"Publish LiveSite Content","PropertyName":"Global Variables","VariableId":"DeployFilesTargetNodes","VariableValue":{"value":{"id":"DeployFilesTargetNodes","code":"\"development\" + (  /** if production is true and there's no review, all in one step! */  ( \"$IW_CV(ProductionFlag)\" == \"true\"      && \"$IW_CV(ReviewFlag)\" == \"false\" )  ? \",production\"   : \"\");"},"type":"$IW_SCRIPT"},"TaskType":"ModelProperties","isDeleted":""},{"TaskId":"Publish LiveSite Content","PropertyName":"Global Variables","VariableId":"GetJobDescription","VariableValue":{"value":{"id":"GetJobDescription","code":"var d = \"$IW_CV(JobDescription)\";if ( d == \"\" ){   \"$IW_CV(DefaultJobDescription)\" }else{  d;}"},"type":"$IW_SCRIPT"},"TaskType":"ModelProperties","isDeleted":""},{"TaskId":"Publish LiveSite Content","PropertyName":"Global Variables","VariableId":"TargetNodes","VariableValue":{"value":{"id":"TargetNodes","isHidden":false,"description":"","isReadOnly":false,"label":"Target Nodes","defaultValue":"development"},"type":"$IW_CV"},"TaskType":"ModelProperties","isDeleted":""},{"TaskId":"Publish LiveSite Content","PropertyName":"Global Variables","VariableId":"ProductionFlag","VariableValue":{"type":"$IW_CV","value":{"id":"ProductionFlag","label":"Deploy to Production?","defaultValue":"false","description":"","isHidden":true,"isReadOnly":true}},"TaskType":"ModelProperties","isDeleted":""},{"TaskId":"Publish LiveSite Content","PropertyName":"Global Variables","VariableId":"TagFileIsFalse","VariableValue":{"value":{"id":"TagFileIsFalse","code":"\"$IW_CV(TagFlag)\" == \"false\" ? \"true\" : \"false\";"},"type":"$IW_SCRIPT"},"TaskType":"ModelProperties","isDeleted":""},{"TaskId":"Publish LiveSite Content","PropertyName":"Global Variables","VariableId":"StagingFlagIsFalse","VariableValue":{"type":"$IW_SCRIPT","value":{"id":"StagingFlagIsFalse","code":"\"$IW_CV(StagingFlag)\" == \"false\" ? \"true\" : \"false\""}},"TaskType":"ModelProperties","isDeleted":""},{"TaskId":"Publish LiveSite Content","PropertyName":"Global Variables","VariableId":"StagingFlagIsTrue","VariableValue":{"type":"$IW_SCRIPT","value":{"id":"StagingFlagIsTrue","code":"\"$IW_CV(StagingFlag)\" == \"true\" ? \"true\" : \"false\""}},"TaskType":"ModelProperties","isDeleted":""},{"TaskId":"Publish LiveSite Content","PropertyName":"Global Variables","VariableId":"ProductionTestFlagIsFalse","VariableValue":{"type":"$IW_SCRIPT","value":{"id":"ProductionTestFlagIsFalse","code":"\"$IW_CV(ProductionTestFlag)\" == \"false\" ? \"true\" : \"false\""}},"TaskType":"ModelProperties","isDeleted":""},{"TaskId":"Publish LiveSite Content","PropertyName":"Global Variables","VariableId":"ProductionTestFlagIsTrue","VariableValue":{"type":"$IW_SCRIPT","value":{"id":"ProductionTestFlagIsTrue","code":"\"$IW_CV(ProductionTestFlag)\" == \"true\" ? \"true\" : \"false\""}},"TaskType":"ModelProperties","isDeleted":""},{"TaskId":"Publish LiveSite Content","PropertyName":"Global Variables","VariableId":"ProdDeployRequired","VariableValue":{"type":"$IW_SCRIPT","value":{"id":"ProdDeployRequired","code":"( \"$IW_CV(ProductionFlag)\" == \"false\" && \"$IW_CV(ProductionTestFlag)\" == \"false\" && \"$IW_CV(StagingFlag)\" == \"false\") ? \"false\" : \"true\""}},"TaskType":"ModelProperties","isDeleted":""},{"TaskId":"Publish LiveSite Content","PropertyName":"Global Variables","VariableId":"ProdDeployNotRequired","VariableValue":{"type":"$IW_SCRIPT","value":{"id":"ProdDeployNotRequired","code":"( \"$IW_CV(ProductionFlag)\" == \"false\" && \"$IW_CV(ProductionTestFlag)\" == \"false\" && \"$IW_CV(StagingFlag)\" == \"false\") ? \"true\" : \"false\""}},"TaskType":"ModelProperties","isDeleted":""},{"TaskId":"Publish LiveSite Content","PropertyName":"Global Variables","VariableId":"StagingFlag","VariableValue":{"type":"$IW_CV","value":{"id":"StagingFlag","label":"Deploy to Staging?","defaultValue":"false","description":"","isHidden":true,"isReadOnly":true}},"TaskType":"ModelProperties","isDeleted":""},{"TaskId":"Publish LiveSite Content","PropertyName":"Global Variables","VariableId":"ProductionFlagIsTrue","VariableValue":{"type":"$IW_SCRIPT","value":{"id":"ProductionFlagIsTrue","code":"\"$IW_CV(ProductionFlag)\" == \"true\" ? \"true\" : \"false\""}},"TaskType":"ModelProperties","isDeleted":""},{"TaskId":"Publish LiveSite Content","PropertyName":"Global Variables","VariableId":"RSS_feed_delay","VariableValue":{"type":"$IW_CV","value":{"id":"RSS_feed_delay","label":"RSS Feed Delay","defaultValue":"60","description":"Number of seconds to delay before updating RSS feed","isHidden":true,"isReadOnly":true}},"TaskType":"ModelProperties","isDeleted":""},{"TaskId":"Publish LiveSite Content","PropertyName":"Global Variables","VariableId":"RSS_feed_URL","VariableValue":{"type":"$IW_CV","value":{"id":"RSS_feed_URL","label":"RSS Feed URL","defaultValue":"http://feeds2.feedburner.com/upsnews","description":"RSS feed to download from","isHidden":true,"isReadOnly":true}},"TaskType":"ModelProperties","isDeleted":""},{"TaskId":"Publish LiveSite Content","PropertyName":"Global Variables","VariableId":"RSS_File_Path","VariableValue":{"type":"$IW_CV","value":{"id":"RSS_File_Path","label":"RSS File Path","defaultValue":"/tmp/rss.xml","description":"Path and filename to be used when saving the RSS feed","isHidden":true,"isReadOnly":true}},"TaskType":"ModelProperties","isDeleted":""},{"TaskId":"Publish LiveSite Content","PropertyName":"Global Variables","VariableId":"SubmitFlagIsFalse","VariableValue":{"type":"$IW_SCRIPT","value":{"id":"SubmitFlagIsFalse","code":"\"$IW_CV(SubmitFlag)\" == \"true\" ? \"false\" : \"true\";"}},"TaskType":"ModelProperties","isDeleted":""},{"TaskId":"Publish LiveSite Content","PropertyName":"Global Variables","VariableId":"DoNotConvertPagesHTML","VariableValue":{"type":"$IW_SCRIPT","value":{"id":"DoNotConvertPagesHTML","code":"\"$IW_CV(ConvertPagesToHtmlFlag)\" == \"true\" ? \"false\" : \"true\";"}},"TaskType":"ModelProperties","isDeleted":""},{"TaskId":"Skip Generate HTML","PropertyName":"Expression","VariableId":"DoNotConvertPagesHTML","VariableValue":"","TaskType":"ConditionalLink","isDeleted":""}]}