<?xml version="1.0" encoding="UTF-8"?>
<ProcessModelConfiguration xmlns="http://www.interwoven.com/schema/modelConfig"><Config id="WF_DAY_OF_MONTH"><Label>Day of month</Label><Description>Day of month for monthly shceduled wqorkflows.  Default value 1, range 1..31</Description><Value>1</Value><Hidden>false</Hidden><Readonly>false</Readonly><Property name="NodeId">Workflow Properties1</Property><Property name="Mandatory">false</Property><Property name="PropertyName">Global Variables</Property><Property name="NodeType">ModelProperties</Property><Property name="UIWidget">text</Property><Property name="IsGlobal">true</Property></Config><Config id="WF_END_DATE_TIME"><Label>End Date and Time </Label><Description>Date and time for last publish of campaign:  YYYY-MM-DD HH:MM:SS format.</Description><Value></Value><Hidden>false</Hidden><Readonly>false</Readonly><Property name="NodeId">Workflow Properties1</Property><Property name="Mandatory">false</Property><Property name="PropertyName">Global Variables</Property><Property name="NodeType">ModelProperties</Property><Property name="UIWidget">text</Property><Property name="IsGlobal">true</Property></Config><Script id="workflowIsManual"><Source><![CDATA["$IW_CV(WF_SCHEDULED_OR_MANUAL)" == "Scheduled"?"false":"true";]]></Source><Property name="NodeId">Workflow Properties1</Property><Property name="PropertyName">Global Variables</Property><Property name="NodeType">ModelProperties</Property></Script><Config id="WF_CAMPAIGN_NAME"><Label>Campaign Name</Label><Description>Campaign name to publish</Description><Value>UPS Pressroom Newsletter Subscription</Value><Hidden>false</Hidden><Readonly>false</Readonly><Property name="NodeId">Workflow Properties1</Property><Property name="Mandatory">false</Property><Property name="PropertyName">Global Variables</Property><Property name="NodeType">ModelProperties</Property><Property name="UIWidget">text</Property><Property name="IsGlobal">true</Property></Config><Config id="WF_SCHEDULED_OR_MANUAL"><Label>Scheduled or Manual</Label><Description>Workflow mode -- scheduled or manual</Description><Value>Scheduled</Value><Hidden>false</Hidden><Readonly>false</Readonly><Property name="NodeId">Workflow Properties1</Property><Property name="Mandatory">false</Property><Property name="PropertyName">Global Variables</Property><Property name="NodeType">ModelProperties</Property><Property name="UIWidget">text</Property><Property name="IsGlobal">true</Property></Config><Config id="WF_START_DATE_TIME"><Label>Start Date and Time</Label><Description>Date and time for initial publish of campaign</Description><Value></Value><Hidden>false</Hidden><Readonly>false</Readonly><Property name="NodeId">Workflow Properties1</Property><Property name="Mandatory">false</Property><Property name="PropertyName">Global Variables</Property><Property name="NodeType">ModelProperties</Property><Property name="UIWidget">text</Property><Property name="IsGlobal">true</Property></Config><Script id="isScheduledWorkflow"><Source><![CDATA["$IW_CV(WF_SCHEDULED_OR_MANUAL)" == "Scheduled"?"true":"false";]]></Source><Property name="NodeId">Workflow Properties1</Property><Property name="PropertyName">Global Variables</Property><Property name="NodeType">ModelProperties</Property></Script><Config id="WF_SCHEDULING_INTERVAL"><Label>Scheduling Interval (Day, Week, Month ) </Label><Description>Interval for scheduled workflows (Day, Week, Month) default value day</Description><Value>Day</Value><Hidden>false</Hidden><Readonly>false</Readonly><Property name="NodeId">Workflow Properties1</Property><Property name="Mandatory">false</Property><Property name="PropertyName">Global Variables</Property><Property name="NodeType">ModelProperties</Property><Property name="UIWidget">text</Property><Property name="IsGlobal">true</Property></Config><Config id="WF_HOUR_OF_DAY"><Label>Hour of day</Label><Description>Hour of day for all scheduled workflows.  Default value 0 </Description><Value>0</Value><Hidden>false</Hidden><Readonly>false</Readonly><Property name="NodeId">Workflow Properties1</Property><Property name="Mandatory">false</Property><Property name="PropertyName">Global Variables</Property><Property name="NodeType">ModelProperties</Property><Property name="UIWidget">text</Property><Property name="IsGlobal">true</Property></Config><Config id="WF_DAY_OF_WEEK"><Label>Day of Week</Label><Description>Day of week for weekly sceduled workflows.  Default value MON</Description><Value>MON</Value><Hidden>false</Hidden><Readonly>false</Readonly><Property name="NodeId">Workflow Properties1</Property><Property name="Mandatory">false</Property><Property name="PropertyName">Global Variables</Property><Property name="NodeType">ModelProperties</Property><Property name="UIWidget">text</Property><Property name="IsGlobal">true</Property></Config></ProcessModelConfiguration>
