{"resourceId":"oryx-canvas123","properties":{"Owner":"$IW_USER","Priority":"","Brief Description":"Publish Campaign Scheduler","Description":"Publishes the selected Campaign on a daily, weekly or monthly schedule","DueDate":"","Global Variables":"$IW_CV(WF_SCHEDULED_OR_MANUAL)|$IW_CV(WF_SCHEDULING_INTERVAL)|$IW_CV(WF_HOUR_OF_DAY)|$IW_CV(WF_DAY_OF_WEEK)|$IW_CV(WF_DAY_OF_MONTH)|$IW_SCRIPT(isScheduledWorkflow)|$IW_CV(WF_CAMPAIGN_NAME)|$IW_CV(WF_START_DATE_TIME)|$IW_SCRIPT(workflowIsManual)|$IW_CV(WF_END_DATE_TIME)","VAVariables":"","Variables":"custom_job_params=$IW_CV(WF_CAMPAIGN_NAME)","PostProcessorCommand":"","PreProcessorCommand":"","Name":"Workflow Properties","id":"Workflow Properties1","ActivationCount":"","Version":"1.0.0.1","Status":"","Valid":"true","File Comments":"true"},"stencil":{"id":"ModelProperties"},"childShapes":[{"resourceId":"oryx_96A06CA2-2FF3-4058-AD29-AD59D0556B98","properties":{"Name":"Start1","id":"Start1","CSSclass":"Event"},"stencil":{"id":"Start"},"childShapes":[],"outgoing":[{"resourceId":"oryx_3AF1CBC0-16E7-4A11-AAC5-74469550D0A5"},{"resourceId":"oryx_7D9EB84F-0B81-482A-A994-219194C3463A"}],"bounds":{"lowerRight":{"x":56,"y":259},"upperLeft":{"x":22,"y":225}},"dockers":[]},{"resourceId":"oryx_45AA4199-78EA-4894-BF2D-0C29F61DA970","properties":{"Name":"End3","id":"End3","Brief Description":"","Eafinishop":"","Eastartop":"","Wfvarfinishop":"","Wfvarstartop":"","CSSclass":"Event"},"stencil":{"id":"End"},"childShapes":[],"outgoing":[],"bounds":{"lowerRight":{"x":529,"y":289},"upperLeft":{"x":495,"y":255}},"dockers":[]},{"resourceId":"oryx_75EA27B4-3003-4D02-AD3C-AF5B84012902","properties":{"AreaVPath":"$IW_WORKAREA","Brief Description":"Publish Campaign Task","Description":"Publish Campaign Task","Name":"Publish Campaign","id":"Publish Campaign","CSSclass":"Task","Owner":"$IW_USER","CGIScriptName":"/iw-cc/Workflow/WebTask.do","Immediate":"true","Lock":"false","Readonly":"false","Transferonly":"false","Variables":"TaskBeanId=workflow.task.DelegatingCampaignPublishTaskUPS|ImmediateTransition=true","Eafinishop":"","Eastartop":"","Wfvarfinishop":"","Wfvarstartop":"","ActivationCount":"0","Status":"none","Valid":"none","BackgroundColor":"#c0c0c0","TaskType":"ItsCGITask"},"stencil":{"id":"CGITask"},"childShapes":[],"outgoing":[{"resourceId":"oryx_71D7EE4D-8665-4C4B-A268-3E84157E1E80"},{"resourceId":"oryx_417BE618-6DB3-4F78-9E01-6ADADA2C1BAF"}],"bounds":{"lowerRight":{"x":310,"y":125},"upperLeft":{"x":210,"y":45}},"dockers":[]},{"resourceId":"oryx_DE007693-D11E-432D-B0DC-2DBE62E453E0","properties":{"AreaVPath":"$IW_WORKAREA","Brief Description":"Schedule Delay Task","Description":"This task computes and waits for the next publish event","Name":"Schedule Delay task","id":"Schedule Delay task","CSSclass":"Task","Owner":"$IW_USER","URI":"http://$IW_SERVER:$IW_PORT/iw-cc/urlexternaltask","Retry":"true","Lock":"false","Readonly":"false","Transferonly":"false","Variables":"ClassName=com.hp.autonomy.proserv.pkg.ls.core.task.ScheduleDelayExternalTask|wf_scheduling_interval=$IW_CV(WF_SCHEDULING_INTERVAL)|wf_hour_of_day=$IW_CV(WF_HOUR_OF_DAY)|wf_day_of_week=$IW_CV(WF_DAY_OF_WEEK)|wf_day_of_month=$IW_CV(WF_DAY_OF_MONTH)|wf_campaign_name=$IW_CV(WF_CAMPAIGN_NAME)|wf_start_date_time=$IW_CV(WF_START_DATE_TIME)|iw_schedule_expired_transition=Publish Expired|iw_next_schedule_transition=Next Scheduled Publish|iw_failure_transition=Schedule Expired|next_task_after_delay=Next Scheduled Publish|task_activation_count=0","Eafinishop":"","Eastartop":"","Wfvarfinishop":"","Wfvarstartop":"","ActivationCount":"0","Status":"none","Valid":"none","BackgroundColor":"#c0c0c0","TaskType":"ItsURLTask"},"stencil":{"id":"URLTask"},"childShapes":[],"outgoing":[{"resourceId":"oryx_CBCF317E-E43B-4E89-8DF4-1C8C2C5758F2"},{"resourceId":"oryx_EA68DEC9-4402-48A7-B037-1049342B9D38"}],"bounds":{"lowerRight":{"x":310,"y":455},"upperLeft":{"x":210,"y":375}},"dockers":[]},{"resourceId":"oryx_7D9EB84F-0B81-482A-A994-219194C3463A","properties":{"Name":"Workfow Is Scheduled","id":"Flow4","Type":"Conditional","Expression":"$IW_SCRIPT(isScheduledWorkflow)"},"stencil":{"id":"ConditionalLink"},"childShapes":[],"outgoing":[{"resourceId":"oryx_DE007693-D11E-432D-B0DC-2DBE62E453E0"}],"bounds":{"lowerRight":{"x":209.79296875,"y":415},"upperLeft":{"x":39,"y":259.21875}},"dockers":[{"x":17,"y":17},{"x":39,"y":415},{"x":50,"y":40}],"target":{"resourceId":"oryx_DE007693-D11E-432D-B0DC-2DBE62E453E0"}},{"resourceId":"oryx_3AF1CBC0-16E7-4A11-AAC5-74469550D0A5","properties":{"Name":"Workflow Is Manual","id":"Flow5","Type":"Conditional","Expression":"$IW_SCRIPT(workflowIsManual)"},"stencil":{"id":"ConditionalLink"},"childShapes":[],"outgoing":[{"resourceId":"oryx_75EA27B4-3003-4D02-AD3C-AF5B84012902"}],"bounds":{"lowerRight":{"x":209.7931204583396,"y":224.24921941757202},"upperLeft":{"x":39,"y":85.87464612069623}},"dockers":[{"x":17,"y":17},{"x":39,"y":88.85000610351562},{"x":50,"y":40}],"target":{"resourceId":"oryx_75EA27B4-3003-4D02-AD3C-AF5B84012902"}},{"resourceId":"oryx_71D7EE4D-8665-4C4B-A268-3E84157E1E80","properties":{"Name":"Workflow is Scheduled 2","id":"Flow6","Type":"Conditional","Expression":"$IW_SCRIPT(isScheduledWorkflow)"},"stencil":{"id":"ConditionalLink"},"childShapes":[],"outgoing":[{"resourceId":"oryx_DE007693-D11E-432D-B0DC-2DBE62E453E0"}],"bounds":{"lowerRight":{"x":331.1666564941406,"y":374.5239587555413},"upperLeft":{"x":275.6518710140774,"y":125.28433399030556}},"dockers":[{"x":50,"y":40},{"x":331.1666564941406,"y":268.16668701171875},{"x":50,"y":40}],"target":{"resourceId":"oryx_DE007693-D11E-432D-B0DC-2DBE62E453E0"}},{"resourceId":"oryx_417BE618-6DB3-4F78-9E01-6ADADA2C1BAF","properties":{"Name":"Workflow Is Manual 2","id":"Flow12","Type":"Conditional","Expression":"$IW_SCRIPT(workflowIsManual)"},"stencil":{"id":"ConditionalLink"},"childShapes":[],"outgoing":[{"resourceId":"oryx_45AA4199-78EA-4894-BF2D-0C29F61DA970"}],"bounds":{"lowerRight":{"x":512,"y":254.9296875},"upperLeft":{"x":310.21875,"y":85}},"dockers":[{"x":50,"y":40},{"x":512,"y":85},{"x":17,"y":17}],"target":{"resourceId":"oryx_45AA4199-78EA-4894-BF2D-0C29F61DA970"}},{"resourceId":"oryx_CBCF317E-E43B-4E89-8DF4-1C8C2C5758F2","properties":{"Name":"Publish Expired","id":"Flow13","Type":"Default"},"stencil":{"id":"Flow"},"childShapes":[],"outgoing":[{"resourceId":"oryx_45AA4199-78EA-4894-BF2D-0C29F61DA970"}],"bounds":{"lowerRight":{"x":512,"y":415},"upperLeft":{"x":310.21875,"y":289.7578125}},"dockers":[{"x":50,"y":40},{"x":512,"y":415},{"x":17,"y":17}],"target":{"resourceId":"oryx_45AA4199-78EA-4894-BF2D-0C29F61DA970"}},{"resourceId":"oryx_EA68DEC9-4402-48A7-B037-1049342B9D38","properties":{"Name":"Next Scheduled Publish","id":"Flow3","Type":"Default"},"stencil":{"id":"Flow"},"childShapes":[],"outgoing":[{"resourceId":"oryx_75EA27B4-3003-4D02-AD3C-AF5B84012902"}],"bounds":{"lowerRight":{"x":239.60715746539563,"y":374.4218496825423},"upperLeft":{"x":167.16665649414062,"y":125.67584930457684}},"dockers":[{"x":50,"y":40},{"x":233.32022397756597,"y":371.16668701171875},{"x":167.16665649414062,"y":270.16668701171875},{"x":50,"y":40}],"target":{"resourceId":"oryx_75EA27B4-3003-4D02-AD3C-AF5B84012902"}}],"bounds":{"lowerRight":{"x":1485,"y":1050},"upperLeft":{"x":0,"y":0}},"stencilset":{"url":"/iw-wfm/editor/stencilsets/iwov_process_model/iwovprocessmodels.json","namespace":"http://autonomy.com/stencilset/iwovwfm#"},"ssextensions":[],"modelVariables":[{"TaskId":"Workflow Properties1","PropertyName":"Variables","VariableId":"WF_CAMPAIGN_NAME","VariableValue":"","TaskType":"ModelProperties","isDeleted":""},{"TaskId":"Flow12","PropertyName":"Expression","VariableId":"workflowIsManual","VariableValue":"","TaskType":"ConditionalLink","isDeleted":""},{"TaskId":"Flow5","PropertyName":"Expression","VariableId":"workflowIsManual","VariableValue":"","TaskType":"ConditionalLink","isDeleted":""},{"TaskId":"Flow4","PropertyName":"Expression","VariableId":"isScheduledWorkflow","VariableValue":"","TaskType":"ConditionalLink","isDeleted":""},{"TaskId":"Flow6","PropertyName":"Expression","VariableId":"isScheduledWorkflow","VariableValue":"","TaskType":"ConditionalLink","isDeleted":""},{"TaskId":"Workflow Properties1","PropertyName":"Global Variables","VariableId":"WF_SCHEDULED_OR_MANUAL","VariableValue":{"type":"$IW_CV","value":{"id":"WF_SCHEDULED_OR_MANUAL","label":"Scheduled or Manual","defaultValue":"Scheduled","description":"Workflow mode -- scheduled or manual","isHidden":false,"isReadOnly":false}},"TaskType":"ModelProperties","isDeleted":""},{"TaskId":"Workflow Properties1","PropertyName":"Global Variables","VariableId":"WF_SCHEDULING_INTERVAL","VariableValue":{"type":"$IW_CV","value":{"id":"WF_SCHEDULING_INTERVAL","label":"Scheduling Interval (Day, Week, Month ) ","defaultValue":"Day","description":"Interval for scheduled workflows (Day, Week, Month) default value day","isHidden":false,"isReadOnly":false}},"TaskType":"ModelProperties","isDeleted":""},{"TaskId":"Workflow Properties1","PropertyName":"Global Variables","VariableId":"WF_HOUR_OF_DAY","VariableValue":{"type":"$IW_CV","value":{"id":"WF_HOUR_OF_DAY","label":"Hour of day","defaultValue":"0","description":"Hour of day for all scheduled workflows.  Default value 0 ","isHidden":false,"isReadOnly":false}},"TaskType":"ModelProperties","isDeleted":""},{"TaskId":"Workflow Properties1","PropertyName":"Global Variables","VariableId":"WF_DAY_OF_WEEK","VariableValue":{"type":"$IW_CV","value":{"id":"WF_DAY_OF_WEEK","label":"Day of Week","defaultValue":"MON","description":"Day of week for weekly sceduled workflows.  Default value MON","isHidden":false,"isReadOnly":false}},"TaskType":"ModelProperties","isDeleted":""},{"TaskId":"Workflow Properties1","PropertyName":"Global Variables","VariableId":"WF_DAY_OF_MONTH","VariableValue":{"type":"$IW_CV","value":{"id":"WF_DAY_OF_MONTH","label":"Day of month","defaultValue":"1","description":"Day of month for monthly shceduled wqorkflows.  Default value 1, range 1..31","isHidden":false,"isReadOnly":false}},"TaskType":"ModelProperties","isDeleted":""},{"TaskId":"Workflow Properties1","PropertyName":"Global Variables","VariableId":"WF_CAMPAIGN_NAME","VariableValue":{"type":"$IW_CV","value":{"id":"WF_CAMPAIGN_NAME","label":"Campaign Name","defaultValue":"UPS Pressroom Newsletter Subscription","description":"Campaign name to publish","isHidden":false,"isReadOnly":false}},"TaskType":"ModelProperties","isDeleted":""},{"TaskId":"Workflow Properties1","PropertyName":"Global Variables","VariableId":"isScheduledWorkflow","VariableValue":{"type":"$IW_SCRIPT","value":{"id":"isScheduledWorkflow","code":"\"$IW_CV(WF_SCHEDULED_OR_MANUAL)\" == \"Scheduled\"?\"true\":\"false\";"}},"TaskType":"ModelProperties","isDeleted":""},{"TaskId":"Workflow Properties1","PropertyName":"Global Variables","VariableId":"WF_START_DATE_TIME","VariableValue":{"type":"$IW_CV","value":{"id":"WF_START_DATE_TIME","label":"Start Date and Time","defaultValue":"","description":"Date and time for initial publish of campaign","isHidden":false,"isReadOnly":false}},"TaskType":"ModelProperties","isDeleted":""},{"TaskId":"Workflow Properties1","PropertyName":"Global Variables","VariableId":"workflowIsManual","VariableValue":{"type":"$IW_SCRIPT","value":{"id":"workflowIsManual","code":"\"$IW_CV(WF_SCHEDULED_OR_MANUAL)\" == \"Scheduled\"?:\"false\":\"true\";"}},"TaskType":"ModelProperties","isDeleted":""},{"TaskId":"Workflow Properties1","PropertyName":"Global Variables","VariableId":"workflowIsManual","VariableValue":{"type":"$IW_SCRIPT","value":{"id":"workflowIsManual","code":"\"$IW_CV(WF_SCHEDULED_OR_MANUAL)\" == \"Scheduled\"?\"false\":\"true\";"}},"TaskType":"ModelProperties","isDeleted":""},{"TaskId":"Workflow Properties1","PropertyName":"Global Variables","VariableId":"WF_END_DATE_TIME","VariableValue":{"type":"$IW_CV","value":{"id":"WF_END_DATE_TIME","label":"End Date and Time ","defaultValue":"","description":"Date and time for last publish of campaign:  YYYY-MM-DD HH:MM:SS format.","isHidden":false,"isReadOnly":false}},"TaskType":"ModelProperties","isDeleted":""},{"TaskId":"Schedule Delay task","PropertyName":"Variables","VariableId":"WF_SCHEDULING_INTERVAL","VariableValue":"","TaskType":"URLTask","isDeleted":""},{"TaskId":"Schedule Delay task","PropertyName":"Variables","VariableId":"WF_HOUR_OF_DAY","VariableValue":"","TaskType":"URLTask","isDeleted":""},{"TaskId":"Schedule Delay task","PropertyName":"Variables","VariableId":"WF_DAY_OF_WEEK","VariableValue":"","TaskType":"URLTask","isDeleted":""},{"TaskId":"Schedule Delay task","PropertyName":"Variables","VariableId":"WF_DAY_OF_MONTH","VariableValue":"","TaskType":"URLTask","isDeleted":""},{"TaskId":"Schedule Delay task","PropertyName":"Variables","VariableId":"WF_CAMPAIGN_NAME","VariableValue":"","TaskType":"URLTask","isDeleted":""},{"TaskId":"Schedule Delay task","PropertyName":"Variables","VariableId":"WF_START_DATE_TIME","VariableValue":"","TaskType":"URLTask","isDeleted":""}]}