{"resourceId":"oryx-canvas123","properties":{"Owner":"$IW_USER","Priority":"","Brief Description":"Publish Campaign Scheduler","Description":"Publishes the selected Campaign on a daily, weekly or monthly schedule","DueDate":"","Global Variables":"$IW_CV(WF_SCHEDULED_OR_MANUAL)|$IW_CV(WF_SCHEDULING_INTERVAL)|$IW_CV(WF_HOUR_OF_DAY)|$IW_CV(WF_DAY_OF_WEEK)|$IW_CV(WF_DAY_OF_MONTH)|$IW_SCRIPT(isScheduledWorkflow)|$IW_CV(WF_CAMPAIGN_NAME)|$IW_CV(WF_START_DATE_TIME)|$IW_SCRIPT(workflowIsManual)|$IW_CV(WF_END_DATE_TIME)","VAVariables":"","Variables":"custom_job_params=$IW_CV(WF_CAMPAIGN_NAME)","PostProcessorCommand":"","PreProcessorCommand":"","Name":"Scheduled Publish","id":"Workflow Properties1","ActivationCount":"","Version":"1.0.0.1","Status":"","Valid":"true","File Comments":"true"},"stencil":{"id":"ModelProperties"},"childShapes":[{"resourceId":"oryx_8D978A03-2914-4192-98A3-24DF549C7D12","properties":{"Name":"Start1","id":"Start1","CSSclass":"Event"},"stencil":{"id":"Start"},"childShapes":[],"outgoing":[{"resourceId":"oryx_DB598156-5654-4090-952C-8CB3BA1FB44D"},{"resourceId":"oryx_D840B132-4DD1-42CC-94CC-E83343E1555C"}],"bounds":{"lowerRight":{"x":56,"y":259},"upperLeft":{"x":22,"y":225}},"dockers":[]},{"resourceId":"oryx_C00F7DC1-880D-4F05-AC53-6D63E1FE3633","properties":{"Name":"End3","id":"End3","Brief Description":"","Eafinishop":"","Eastartop":"","Wfvarfinishop":"","Wfvarstartop":"","CSSclass":"Event"},"stencil":{"id":"End"},"childShapes":[],"outgoing":[],"bounds":{"lowerRight":{"x":439,"y":589},"upperLeft":{"x":405,"y":555}},"dockers":[]},{"resourceId":"oryx_9A12C558-E876-43D0-9B24-334BBBBC1FD6","properties":{"AreaVPath":"$IW_WORKAREA","Brief Description":"Publish Campaign Task","Description":"Publish Campaign Task","Name":"Publish Campaign","id":"Publish Campaign","CSSclass":"Task","Owner":"$IW_USER","CGIScriptName":"/iw-cc/Workflow/WebTask.do","Immediate":"true","Lock":"false","Readonly":"false","Transferonly":"false","Variables":"TaskBeanId=workflow.task.DelegatingCampaignPublishTaskUPS|ImmediateTransition=true","Eafinishop":"","Eastartop":"","Wfvarfinishop":"","Wfvarstartop":"","ActivationCount":"0","Status":"none","Valid":"none","BackgroundColor":"#c0c0c0","TaskType":"ItsCGITask"},"stencil":{"id":"CGITask"},"childShapes":[],"outgoing":[{"resourceId":"oryx_69B8B3BD-4843-41D4-A6D7-426804BA7B73"}],"bounds":{"lowerRight":{"x":295,"y":140},"upperLeft":{"x":195,"y":60}},"dockers":[]},{"resourceId":"oryx_8C135486-9F3B-44B4-BE67-E668A4C31E86","properties":{"AreaVPath":"$IW_WORKAREA","Brief Description":"Schedule Delay Task","Description":"This task computes and waits for the next publish event","Name":"Schedule Delay task","id":"Schedule Delay task","CSSclass":"Task","Owner":"$IW_USER","URI":"http://$IW_SERVER:$IW_PORT/iw-cc/urlexternaltask","Retry":"true","Lock":"false","Readonly":"false","Transferonly":"false","Variables":"ClassName=com.hp.autonomy.proserv.pkg.ls.core.task.ScheduleDelayExternalTask|wf_scheduling_interval=$IW_CV(WF_SCHEDULING_INTERVAL)|wf_hour_of_day=$IW_CV(WF_HOUR_OF_DAY)|wf_day_of_week=$IW_CV(WF_DAY_OF_WEEK)|wf_day_of_month=$IW_CV(WF_DAY_OF_MONTH)|wf_campaign_name=$IW_CV(WF_CAMPAIGN_NAME)|wf_start_date_time=$IW_CV(WF_START_DATE_TIME)|iw_schedule_expired_transition=Publish Expired|iw_next_schedule_transition=Next Scheduled Publish|iw_failure_transition=Schedule Expired|next_task_after_delay=Next Scheduled Publish|task_activation_count=0|iw_manual_mode_transition=Workflow Is Manual|iw_wf_scheduled_or_manual=$IW_CV(WF_SCHEDULED_OR_MANUAL)","Eafinishop":"","Eastartop":"","Wfvarfinishop":"","Wfvarstartop":"","ActivationCount":"0","Status":"none","Valid":"none","BackgroundColor":"#c0c0c0","TaskType":"ItsURLTask"},"stencil":{"id":"URLTask"},"childShapes":[],"outgoing":[{"resourceId":"oryx_BB44CFF5-00C3-4F29-ABA4-55BA70763690"},{"resourceId":"oryx_EEE6BD9B-0237-4620-816D-C46B4B903416"},{"resourceId":"oryx_ECFE5E0F-27B8-4D38-A61B-9855D52169D4"}],"bounds":{"lowerRight":{"x":295,"y":455},"upperLeft":{"x":195,"y":375}},"dockers":[]},{"resourceId":"oryx_D840B132-4DD1-42CC-94CC-E83343E1555C","properties":{"Name":"Workfow Is Scheduled","id":"Flow4","Type":"Conditional","Expression":"$IW_SCRIPT(isScheduledWorkflow)"},"stencil":{"id":"ConditionalLink"},"childShapes":[],"outgoing":[{"resourceId":"oryx_8C135486-9F3B-44B4-BE67-E668A4C31E86"}],"bounds":{"lowerRight":{"x":194.109375,"y":415},"upperLeft":{"x":39,"y":259.21875}},"dockers":[{"x":17,"y":17},{"x":39,"y":415},{"x":50,"y":40}],"target":{"resourceId":"oryx_8C135486-9F3B-44B4-BE67-E668A4C31E86"}},{"resourceId":"oryx_DB598156-5654-4090-952C-8CB3BA1FB44D","properties":{"Name":"Workflow Is Manual","id":"Flow5","Type":"Conditional","Expression":"$IW_SCRIPT(workflowIsManual)"},"stencil":{"id":"ConditionalLink"},"childShapes":[],"outgoing":[{"resourceId":"oryx_9A12C558-E876-43D0-9B24-334BBBBC1FD6"}],"bounds":{"lowerRight":{"x":194.10937500000765,"y":224.35946931188016},"upperLeft":{"x":39,"y":100.00019881798943}},"dockers":[{"x":17,"y":17},{"x":39,"y":100.00080479471063},{"x":50,"y":40}],"target":{"resourceId":"oryx_9A12C558-E876-43D0-9B24-334BBBBC1FD6"}},{"resourceId":"oryx_BB44CFF5-00C3-4F29-ABA4-55BA70763690","properties":{"Name":"Publish Expired","id":"Flow13","Type":"Default"},"stencil":{"id":"Flow"},"childShapes":[],"outgoing":[{"resourceId":"oryx_C00F7DC1-880D-4F05-AC53-6D63E1FE3633"}],"bounds":{"lowerRight":{"x":422,"y":554.44140625},"upperLeft":{"x":295.78125,"y":415}},"dockers":[{"x":50,"y":40},{"x":422,"y":415},{"x":17,"y":17}],"target":{"resourceId":"oryx_C00F7DC1-880D-4F05-AC53-6D63E1FE3633"}},{"resourceId":"oryx_ECFE5E0F-27B8-4D38-A61B-9855D52169D4","properties":{"Name":"Next Scheduled Publish","id":"Flow3","Type":"Default"},"stencil":{"id":"Flow"},"childShapes":[],"outgoing":[{"resourceId":"oryx_9A12C558-E876-43D0-9B24-334BBBBC1FD6"}],"bounds":{"lowerRight":{"x":221,"y":375},"upperLeft":{"x":219,"y":140.92578125}},"dockers":[{"x":25,"y":1},{"x":25,"y":79}],"target":{"resourceId":"oryx_9A12C558-E876-43D0-9B24-334BBBBC1FD6"}},{"resourceId":"oryx_69B8B3BD-4843-41D4-A6D7-426804BA7B73","properties":{"Name":"Publish Campaign Success","id":"Flow2","Type":"Default"},"stencil":{"id":"Flow"},"childShapes":[],"outgoing":[{"resourceId":"oryx_8C135486-9F3B-44B4-BE67-E668A4C31E86"}],"bounds":{"lowerRight":{"x":271,"y":375},"upperLeft":{"x":269,"y":140.92578125}},"dockers":[{"x":75,"y":79},{"x":75,"y":1}],"target":{"resourceId":"oryx_8C135486-9F3B-44B4-BE67-E668A4C31E86"}},{"resourceId":"oryx_EEE6BD9B-0237-4620-816D-C46B4B903416","properties":{"Name":"Workflow Is Manual","id":"Flow6","Type":"Default"},"stencil":{"id":"Flow"},"childShapes":[],"outgoing":[{"resourceId":"oryx_C00F7DC1-880D-4F05-AC53-6D63E1FE3633"}],"bounds":{"lowerRight":{"x":404.40625,"y":572},"upperLeft":{"x":245,"y":455.25}},"dockers":[{"x":50,"y":40},{"x":245,"y":572},{"x":17,"y":17}],"target":{"resourceId":"oryx_C00F7DC1-880D-4F05-AC53-6D63E1FE3633"}}],"bounds":{"lowerRight":{"x":1485,"y":1050},"upperLeft":{"x":0,"y":0}},"stencilset":{"url":"/iw-wfm/editor/stencilsets/iwov_process_model/iwovprocessmodels.json","namespace":"http://autonomy.com/stencilset/iwovwfm#"},"ssextensions":[],"modelVariables":[{"TaskId":"Workflow Properties1","PropertyName":"Variables","VariableId":"WF_CAMPAIGN_NAME","VariableValue":"","TaskType":"ModelProperties","isDeleted":""},{"TaskId":"Flow5","PropertyName":"Expression","VariableId":"workflowIsManual","VariableValue":"","TaskType":"ConditionalLink","isDeleted":""},{"TaskId":"Flow4","PropertyName":"Expression","VariableId":"isScheduledWorkflow","VariableValue":"","TaskType":"ConditionalLink","isDeleted":""},{"TaskId":"Flow6","PropertyName":"Expression","VariableId":"isScheduledWorkflow","VariableValue":"","TaskType":"ConditionalLink","isDeleted":""},{"TaskId":"Schedule Delay task","PropertyName":"Variables","VariableId":"WF_SCHEDULING_INTERVAL","VariableValue":"","TaskType":"URLTask","isDeleted":""},{"TaskId":"Schedule Delay task","PropertyName":"Variables","VariableId":"WF_HOUR_OF_DAY","VariableValue":"","TaskType":"URLTask","isDeleted":""},{"TaskId":"Schedule Delay task","PropertyName":"Variables","VariableId":"WF_DAY_OF_WEEK","VariableValue":"","TaskType":"URLTask","isDeleted":""},{"TaskId":"Schedule Delay task","PropertyName":"Variables","VariableId":"WF_DAY_OF_MONTH","VariableValue":"","TaskType":"URLTask","isDeleted":""},{"TaskId":"Schedule Delay task","PropertyName":"Variables","VariableId":"WF_CAMPAIGN_NAME","VariableValue":"","TaskType":"URLTask","isDeleted":""},{"TaskId":"Schedule Delay task","PropertyName":"Variables","VariableId":"WF_START_DATE_TIME","VariableValue":"","TaskType":"URLTask","isDeleted":""},{"TaskId":"Workflow Properties1","PropertyName":"Global Variables","VariableId":"WF_SCHEDULED_OR_MANUAL","VariableValue":{"type":"$IW_CV","value":{"id":"WF_SCHEDULED_OR_MANUAL","label":"Scheduled or Manual","defaultValue":"Scheduled","description":"Workflow mode -- scheduled or manual","isHidden":false,"isReadOnly":false}},"TaskType":"ModelProperties","isDeleted":""},{"TaskId":"Workflow Properties1","PropertyName":"Global Variables","VariableId":"WF_SCHEDULING_INTERVAL","VariableValue":{"type":"$IW_CV","value":{"id":"WF_SCHEDULING_INTERVAL","label":"Scheduling Interval (Day, Week, Month ) ","defaultValue":"Day","description":"Interval for scheduled workflows (Day, Week, Month) default value day","isHidden":false,"isReadOnly":false}},"TaskType":"ModelProperties","isDeleted":""},{"TaskId":"Workflow Properties1","PropertyName":"Global Variables","VariableId":"WF_HOUR_OF_DAY","VariableValue":{"type":"$IW_CV","value":{"id":"WF_HOUR_OF_DAY","label":"Hour of day","defaultValue":"0","description":"Hour of day for all scheduled workflows.  Default value 0 ","isHidden":false,"isReadOnly":false}},"TaskType":"ModelProperties","isDeleted":""},{"TaskId":"Workflow Properties1","PropertyName":"Global Variables","VariableId":"WF_DAY_OF_WEEK","VariableValue":{"type":"$IW_CV","value":{"id":"WF_DAY_OF_WEEK","label":"Day of Week","defaultValue":"MON","description":"Day of week for weekly sceduled workflows.  Default value MON","isHidden":false,"isReadOnly":false}},"TaskType":"ModelProperties","isDeleted":""},{"TaskId":"Workflow Properties1","PropertyName":"Global Variables","VariableId":"WF_DAY_OF_MONTH","VariableValue":{"type":"$IW_CV","value":{"id":"WF_DAY_OF_MONTH","label":"Day of month","defaultValue":"1","description":"Day of month for monthly shceduled wqorkflows.  Default value 1, range 1..31","isHidden":false,"isReadOnly":false}},"TaskType":"ModelProperties","isDeleted":""},{"TaskId":"Workflow Properties1","PropertyName":"Global Variables","VariableId":"WF_CAMPAIGN_NAME","VariableValue":{"type":"$IW_CV","value":{"id":"WF_CAMPAIGN_NAME","label":"Campaign Name","defaultValue":"UPS Pressroom Newsletter Subscription","description":"Campaign name to publish","isHidden":false,"isReadOnly":false}},"TaskType":"ModelProperties","isDeleted":""},{"TaskId":"Workflow Properties1","PropertyName":"Global Variables","VariableId":"isScheduledWorkflow","VariableValue":{"type":"$IW_SCRIPT","value":{"id":"isScheduledWorkflow","code":"\"$IW_CV(WF_SCHEDULED_OR_MANUAL)\" == \"Scheduled\"?\"true\":\"false\";"}},"TaskType":"ModelProperties","isDeleted":""},{"TaskId":"Workflow Properties1","PropertyName":"Global Variables","VariableId":"WF_START_DATE_TIME","VariableValue":{"type":"$IW_CV","value":{"id":"WF_START_DATE_TIME","label":"Start Date and Time","defaultValue":"","description":"Date and time for initial publish of campaign","isHidden":false,"isReadOnly":false}},"TaskType":"ModelProperties","isDeleted":""},{"TaskId":"Workflow Properties1","PropertyName":"Global Variables","VariableId":"workflowIsManual","VariableValue":{"type":"$IW_SCRIPT","value":{"id":"workflowIsManual","code":"\"$IW_CV(WF_SCHEDULED_OR_MANUAL)\" == \"Scheduled\"?:\"false\":\"true\";"}},"TaskType":"ModelProperties","isDeleted":""},{"TaskId":"Workflow Properties1","PropertyName":"Global Variables","VariableId":"workflowIsManual","VariableValue":{"type":"$IW_SCRIPT","value":{"id":"workflowIsManual","code":"\"$IW_CV(WF_SCHEDULED_OR_MANUAL)\" == \"Scheduled\"?\"false\":\"true\";"}},"TaskType":"ModelProperties","isDeleted":""},{"TaskId":"Workflow Properties1","PropertyName":"Global Variables","VariableId":"WF_END_DATE_TIME","VariableValue":{"type":"$IW_CV","value":{"id":"WF_END_DATE_TIME","label":"End Date and Time ","defaultValue":"","description":"Date and time for last publish of campaign:  YYYY-MM-DD HH:MM:SS format.","isHidden":false,"isReadOnly":false}},"TaskType":"ModelProperties","isDeleted":""},{"TaskId":"Schedule Delay task","PropertyName":"Variables","VariableId":"WF_SCHEDULED_OR_MANUAL","VariableValue":"","TaskType":"URLTask","isDeleted":""}]}