{"resourceId":"oryx-canvas123","properties":{"Owner":"$IW_USER","Priority":"","Brief Description":"SCRIPT(isScheduledWorkflow)","Description":"Click the \"End Job\" link to end the job. ","DueDate":"","Global Variables":"$IW_CV(WF_SCHEDULED_OR_MANUAL)|$IW_CV(WF_SCHEDULING_INTERVAL)|$IW_CV(WF_HOUR_OF_DAY)|$IW_CV(WF_DAY_OF_WEEK)|$IW_CV(WF_DAY_OF_MONTH)|$IW_SCRIPT(isScheduledWorkflow)|$IW_CV(WF_CAMPAIGN_NAME)|$IW_CV(WF_START_DATE_TIME)|$IW_SCRIPT(workflowIsManual)","VAVariables":"","Variables":"custom_job_params=$IW_CV(custom_job_params)","PostProcessorCommand":"","PreProcessorCommand":"","Name":"Workflow Properties","id":"Workflow Properties1","ActivationCount":"","Version":"1.0.0.1","Status":"","Valid":"true","File Comments":"true"},"stencil":{"id":"ModelProperties"},"childShapes":[{"resourceId":"oryx_F2758923-25A5-4484-9828-1A8CAE26975C","properties":{"Name":"Start1","id":"Start1","CSSclass":"Event"},"stencil":{"id":"Start"},"childShapes":[],"outgoing":[{"resourceId":"oryx_55EBD872-3630-428D-BABF-33CBBBE6A015"},{"resourceId":"oryx_61FFF1D9-F5FE-4926-92DE-B5C5A0292955"}],"bounds":{"lowerRight":{"x":56,"y":259},"upperLeft":{"x":22,"y":225}},"dockers":[]},{"resourceId":"oryx_23300DFB-92D4-45F7-A1FA-FD948163F1C5","properties":{"Name":"End3","id":"End3","Brief Description":"","Eafinishop":"","Eastartop":"","Wfvarfinishop":"","Wfvarstartop":"","CSSclass":"Event"},"stencil":{"id":"End"},"childShapes":[],"outgoing":[],"bounds":{"lowerRight":{"x":1144,"y":312},"upperLeft":{"x":1110,"y":278}},"dockers":[]},{"resourceId":"oryx_D0707D15-8EC9-4159-983F-249A22C2C24A","properties":{"AreaVPath":"$IW_WORKAREA","Brief Description":"Publish Campaign Task","Description":"Publish Campaign Task","Name":"Publish Campaign","id":"Publish Campaign","CSSclass":"Task","Owner":"$IW_USER","CGIScriptName":"/iw-cc/Workflow/WebTask.do","Immediate":"true","Lock":"false","Readonly":"false","Transferonly":"false","Variables":"TaskBeanId=workflow.task.DelegatingCampaignPublishTask|ImmediateTransition=true","Eafinishop":"","Eastartop":"","Wfvarfinishop":"","Wfvarstartop":"","ActivationCount":"0","Status":"none","Valid":"none","BackgroundColor":"#c0c0c0","TaskType":"ItsCGITask"},"stencil":{"id":"CGITask"},"childShapes":[],"outgoing":[{"resourceId":"oryx_75F767EA-18EB-41B1-9CF6-163765904A01"},{"resourceId":"oryx_B16A4B4A-41DE-4017-B6B6-7A91C7128E71"}],"bounds":{"lowerRight":{"x":400,"y":125},"upperLeft":{"x":300,"y":45}},"dockers":[]},{"resourceId":"oryx_83BB2209-4497-479B-B0EC-65F24E37F6CE","properties":{"AreaVPath":"$IW_WORKAREA","Brief Description":"Schedule Publish Campaign Task","Description":"Schedule Publish Campaign Task","Name":"Schedule Publish Campaign","id":"Schedule Publish Campaign","CSSclass":"Task","Owner":"$IW_USER","URI":"http://$IW_SERVER:$IW_PORT/iw-cc/urlexternaltask","Retry":"true","Lock":"false","Readonly":"false","Transferonly":"false","Variables":"ClassName=com.ups.teamsite.workflow.task.SchedulePublishCampaignTask|wf_scheduling_interval=$IW_CV(WF_SCHEDULING_INTERVAL)|wf_hour_of_day=$IW_CV(WF_HOUR_OF_DAY)|wf_day_of_week=$IW_CV(WF_DAY_OF_WEEK)|wf_day_of_month=$IW_CV(WF_DAY_OF_MONTH)|wf_campaign_name=$IW_CV(WF_CAMPAIGN_NAME)|wf_start_date_time=$IW_CV(WF_START_DATE_TIME)|iw_success_transition=Scheduling Done|iw_failure_transition=Scheduling Done","Eafinishop":"","Eastartop":"","Wfvarfinishop":"","Wfvarstartop":"","ActivationCount":"0","Status":"none","Valid":"none","BackgroundColor":"#c0c0c0","TaskType":"ItsURLTask"},"stencil":{"id":"URLTask"},"childShapes":[],"outgoing":[{"resourceId":"oryx_4018B57D-F505-4E4A-88B7-DFB974DCD452"}],"bounds":{"lowerRight":{"x":400,"y":500},"upperLeft":{"x":300,"y":420}},"dockers":[]},{"resourceId":"oryx_95B50446-B6BC-4C2A-940D-509D8BF24850","properties":{"Brief Description":"Very Long Delay Task","Description":"Very Long Delay Task","Name":"Very Long Delay Task","id":"Very Long Delay Task","Variables":"","Eafinishop":"","Eastartop":"","Wfvarfinishop":"","Wfvarstartop":"","ActivationCount":"0","Status":"none","Valid":"none","BackgroundColor":"#c0c0c0","TaskType":"ItsDummyTask","CSSclass":"Task"},"stencil":{"id":"DummyTask"},"childShapes":[],"outgoing":[{"resourceId":"oryx_EDC83E5F-A2A0-4D25-A7E2-3EF20C381277"}],"bounds":{"lowerRight":{"x":670,"y":335},"upperLeft":{"x":570,"y":255}},"dockers":[]},{"resourceId":"oryx_61FFF1D9-F5FE-4926-92DE-B5C5A0292955","properties":{"Name":"Workfow Is Scheduled","id":"Flow4","Type":"Conditional","Expression":"$IW_SCRIPT(isScheduledWorkflow)"},"stencil":{"id":"ConditionalLink"},"childShapes":[],"outgoing":[{"resourceId":"oryx_83BB2209-4497-479B-B0EC-65F24E37F6CE"}],"bounds":{"lowerRight":{"x":299.19140625,"y":460},"upperLeft":{"x":39,"y":259.1796875}},"dockers":[{"x":17,"y":17},{"x":39,"y":460},{"x":50,"y":40}],"target":{"resourceId":"oryx_83BB2209-4497-479B-B0EC-65F24E37F6CE"}},{"resourceId":"oryx_55EBD872-3630-428D-BABF-33CBBBE6A015","properties":{"Name":"Workflow Is Manual","id":"Flow5","Type":"Conditional","Expression":"$IW_SCRIPT(workflowIsManual)"},"stencil":{"id":"ConditionalLink"},"childShapes":[],"outgoing":[{"resourceId":"oryx_D0707D15-8EC9-4159-983F-249A22C2C24A"}],"bounds":{"lowerRight":{"x":299.1914828664718,"y":224.24921941757202},"upperLeft":{"x":39,"y":85.6289810323944}},"dockers":[{"x":17,"y":17},{"x":39,"y":88.85000610351562},{"x":50,"y":40}],"target":{"resourceId":"oryx_D0707D15-8EC9-4159-983F-249A22C2C24A"}},{"resourceId":"oryx_75F767EA-18EB-41B1-9CF6-163765904A01","properties":{"Name":"Workflow is Scheduled 2","id":"Flow6","Type":"Conditional","Expression":"$IW_SCRIPT(isScheduledWorkflow)"},"stencil":{"id":"ConditionalLink"},"childShapes":[],"outgoing":[{"resourceId":"oryx_95B50446-B6BC-4C2A-940D-509D8BF24850"}],"bounds":{"lowerRight":{"x":620,"y":254.625},"upperLeft":{"x":350,"y":125.375}},"dockers":[{"x":50,"y":40},{"x":350,"y":190},{"x":620,"y":190},{"x":50,"y":40}],"target":{"resourceId":"oryx_95B50446-B6BC-4C2A-940D-509D8BF24850"}},{"resourceId":"oryx_D730A5F8-70DA-4D35-8BF6-12564D527287","properties":{"AreaVPath":"$IW_WORKAREA","Brief Description":"End Job Task","Description":"End Job Task","Name":"End Job","id":"End Job","Eafinishop":"","Eastartop":"","Wfvarfinishop":"","Wfvarstartop":"","Lock":"false","Readonly":"false","Transferonly":"false","Owner":"$IW_USER","Variables":"","CSSclass":"Task","ActivationCount":"0","Status":"none","Valid":"none","BackgroundColor":"#c0c0c0","TaskType":"ItsUserTask"},"stencil":{"id":"UserTask"},"childShapes":[],"outgoing":[{"resourceId":"oryx_7F4B6EB2-783E-441F-AAC0-B2160AFA626C"}],"bounds":{"lowerRight":{"x":970,"y":335},"upperLeft":{"x":870,"y":255}},"dockers":[]},{"resourceId":"oryx_7F4B6EB2-783E-441F-AAC0-B2160AFA626C","properties":{"Name":"End job","id":"Flow8","Type":"Default"},"stencil":{"id":"Flow"},"childShapes":[],"outgoing":[{"resourceId":"oryx_23300DFB-92D4-45F7-A1FA-FD948163F1C5"}],"bounds":{"lowerRight":{"x":1109.828125,"y":296},"upperLeft":{"x":970.32421875,"y":294}},"dockers":[{"x":50,"y":40},{"x":17,"y":17}],"target":{"resourceId":"oryx_23300DFB-92D4-45F7-A1FA-FD948163F1C5"}},{"resourceId":"oryx_B16A4B4A-41DE-4017-B6B6-7A91C7128E71","properties":{"Name":"Workflow Is Manual 2","id":"Flow12","Type":"Conditional","Expression":"$IW_SCRIPT(workflowIsManual)"},"stencil":{"id":"ConditionalLink"},"childShapes":[],"outgoing":[{"resourceId":"oryx_D730A5F8-70DA-4D35-8BF6-12564D527287"}],"bounds":{"lowerRight":{"x":920,"y":254.625},"upperLeft":{"x":400.541015625,"y":85}},"dockers":[{"x":50,"y":40},{"x":920,"y":85},{"x":50,"y":40}],"target":{"resourceId":"oryx_D730A5F8-70DA-4D35-8BF6-12564D527287"}},{"resourceId":"oryx_4018B57D-F505-4E4A-88B7-DFB974DCD452","properties":{"Name":"Scheduling Done","id":"Flow13","Type":"Default"},"stencil":{"id":"Flow"},"childShapes":[],"outgoing":[{"resourceId":"oryx_95B50446-B6BC-4C2A-940D-509D8BF24850"}],"bounds":{"lowerRight":{"x":620,"y":460},"upperLeft":{"x":400.5703125,"y":335.9609375}},"dockers":[{"x":50,"y":40},{"x":620,"y":460},{"x":50,"y":40}],"target":{"resourceId":"oryx_95B50446-B6BC-4C2A-940D-509D8BF24850"}},{"resourceId":"oryx_EDC83E5F-A2A0-4D25-A7E2-3EF20C381277","properties":{"Name":"Very Long Delay","id":"Flow14","Type":"Timeout","Timeout Duration":"+876000"},"stencil":{"id":"TimeoutLink"},"childShapes":[],"outgoing":[{"resourceId":"oryx_D730A5F8-70DA-4D35-8BF6-12564D527287"}],"bounds":{"lowerRight":{"x":869.78125,"y":296},"upperLeft":{"x":670.21875,"y":294}},"dockers":[{"x":50,"y":40},{"x":50,"y":40}],"target":{"resourceId":"oryx_D730A5F8-70DA-4D35-8BF6-12564D527287"}}],"bounds":{"lowerRight":{"x":1485,"y":1050},"upperLeft":{"x":0,"y":0}},"stencilset":{"url":"/iw-wfm/editor/stencilsets/iwov_process_model/iwovprocessmodels.json","namespace":"http://autonomy.com/stencilset/iwovwfm#"},"ssextensions":[],"modelVariables":[{"TaskId":"Workflow Properties1","PropertyName":"Variables","VariableId":"custom_job_params","VariableValue":{"type":"$IW_CV","value":{"id":"custom_job_params","label":"custom job params","defaultValue":"","description":"","isHidden":false,"isReadOnly":false}},"TaskType":"ModelProperties","isDeleted":""},{"TaskId":"Schedule Publish Campaign","PropertyName":"Variables","VariableId":"WF_SCHEDULING_INTERVAL","VariableValue":"","TaskType":"URLTask","isDeleted":""},{"TaskId":"Schedule Publish Campaign","PropertyName":"Variables","VariableId":"WF_HOUR_OF_DAY","VariableValue":"","TaskType":"URLTask","isDeleted":""},{"TaskId":"Schedule Publish Campaign","PropertyName":"Variables","VariableId":"WF_DAY_OF_WEEK","VariableValue":"","TaskType":"URLTask","isDeleted":""},{"TaskId":"Schedule Publish Campaign","PropertyName":"Variables","VariableId":"WF_DAY_OF_MONTH","VariableValue":"","TaskType":"URLTask","isDeleted":""},{"TaskId":"Schedule Publish Campaign","PropertyName":"Variables","VariableId":"WF_CAMPAIGN_NAME","VariableValue":"","TaskType":"URLTask","isDeleted":""},{"TaskId":"Schedule Publish Campaign","PropertyName":"Variables","VariableId":"WF_START_DATE_TIME","VariableValue":"","TaskType":"URLTask","isDeleted":""},{"TaskId":"Flow12","PropertyName":"Expression","VariableId":"workflowIsManual","VariableValue":"","TaskType":"ConditionalLink","isDeleted":""},{"TaskId":"Flow5","PropertyName":"Expression","VariableId":"workflowIsManual","VariableValue":"","TaskType":"ConditionalLink","isDeleted":""},{"TaskId":"Flow4","PropertyName":"Expression","VariableId":"isScheduledWorkflow","VariableValue":"","TaskType":"ConditionalLink","isDeleted":""},{"TaskId":"Flow6","PropertyName":"Expression","VariableId":"isScheduledWorkflow","VariableValue":"","TaskType":"ConditionalLink","isDeleted":""},{"TaskId":"Workflow Properties1","PropertyName":"Global Variables","VariableId":"WF_SCHEDULED_OR_MANUAL","VariableValue":{"type":"$IW_CV","value":{"id":"WF_SCHEDULED_OR_MANUAL","label":"Scheduled or Manual","defaultValue":"Scheduled","description":"Workflow mode -- scheduled or manual","isHidden":false,"isReadOnly":false}},"TaskType":"ModelProperties","isDeleted":""},{"TaskId":"Workflow Properties1","PropertyName":"Global Variables","VariableId":"WF_SCHEDULING_INTERVAL","VariableValue":{"type":"$IW_CV","value":{"id":"WF_SCHEDULING_INTERVAL","label":"Scheduling Interval (Day, Week, Month ) ","defaultValue":"Day","description":"Interval for scheduled workflows (Day, Week, Month) default value day","isHidden":false,"isReadOnly":false}},"TaskType":"ModelProperties","isDeleted":""},{"TaskId":"Workflow Properties1","PropertyName":"Global Variables","VariableId":"WF_HOUR_OF_DAY","VariableValue":{"type":"$IW_CV","value":{"id":"WF_HOUR_OF_DAY","label":"Hour of day","defaultValue":"0","description":"Hour of day for all scheduled workflows.  Default value 0 ","isHidden":false,"isReadOnly":false}},"TaskType":"ModelProperties","isDeleted":""},{"TaskId":"Workflow Properties1","PropertyName":"Global Variables","VariableId":"WF_DAY_OF_WEEK","VariableValue":{"type":"$IW_CV","value":{"id":"WF_DAY_OF_WEEK","label":"Day of Week","defaultValue":"MON","description":"Day of week for weekly sceduled workflows.  Default value MON","isHidden":false,"isReadOnly":false}},"TaskType":"ModelProperties","isDeleted":""},{"TaskId":"Workflow Properties1","PropertyName":"Global Variables","VariableId":"WF_DAY_OF_MONTH","VariableValue":{"type":"$IW_CV","value":{"id":"WF_DAY_OF_MONTH","label":"Day of month","defaultValue":"1","description":"Day of month for monthly shceduled wqorkflows.  Default value 1, range 1..31","isHidden":false,"isReadOnly":false}},"TaskType":"ModelProperties","isDeleted":""},{"TaskId":"Workflow Properties1","PropertyName":"Global Variables","VariableId":"WF_CAMPAIGN_NAME","VariableValue":{"type":"$IW_CV","value":{"id":"WF_CAMPAIGN_NAME","label":"Campaign Name","defaultValue":"UPS Pressroom Newsletter Subscription","description":"Campaign name to publish","isHidden":false,"isReadOnly":false}},"TaskType":"ModelProperties","isDeleted":""},{"TaskId":"Workflow Properties1","PropertyName":"Global Variables","VariableId":"isScheduledWorkflow","VariableValue":{"type":"$IW_SCRIPT","value":{"id":"isScheduledWorkflow","code":"\"$IW_CV(WF_SCHEDULED_OR_MANUAL)\" == \"Scheduled\"?\"true\":\"false\";"}},"TaskType":"ModelProperties","isDeleted":""},{"TaskId":"Workflow Properties1","PropertyName":"Global Variables","VariableId":"WF_START_DATE_TIME","VariableValue":{"type":"$IW_CV","value":{"id":"WF_START_DATE_TIME","label":"Start Date and Time","defaultValue":"","description":"Date and time for initial publish of campaign","isHidden":false,"isReadOnly":false}},"TaskType":"ModelProperties","isDeleted":""},{"TaskId":"Workflow Properties1","PropertyName":"Global Variables","VariableId":"workflowIsManual","VariableValue":{"type":"$IW_SCRIPT","value":{"id":"workflowIsManual","code":"\"$IW_CV(WF_SCHEDULED_OR_MANUAL)\" == \"Scheduled\"?:\"false\":\"true\";"}},"TaskType":"ModelProperties","isDeleted":true},{"TaskId":"Workflow Properties1","PropertyName":"Global Variables","VariableId":"workflowIsManual","VariableValue":{"type":"$IW_SCRIPT","value":{"id":"workflowIsManual","code":"\"$IW_CV(WF_SCHEDULED_OR_MANUAL)\" == \"Scheduled\"?\"false\":\"true\";"}},"TaskType":"ModelProperties","isDeleted":""}]}