{"resourceId":"oryx-canvas123","properties":{"Owner":"$IW_USER","Priority":"2","Brief Description":"","Description":"Translation workflow that takes the translatable files through the process of localizing the content and reviewing them.","DueDate":"","Global Variables":"","VAVariables":"","Variables":"","PostProcessorCommand":"","PreProcessorCommand":"","Name":"Workflow Properties","id":"Workflow Properties1","ActivationCount":"","Version":"1.0.0.1","Status":"","Valid":"true","File Comments":"true"},"stencil":{"id":"ModelProperties"},"childShapes":[{"resourceId":"oryx_9BACF441-4AF5-4ACA-B844-031E537C149B","properties":{"y":"43.0","x":"58.0","Name":"Translation Job Start","id":"Translation Job Start","CSSclass":"Event"},"stencil":{"id":"Start"},"childShapes":[],"outgoing":[{"resourceId":"oryx_6DEC2B42-887C-4BE9-9F2A-C46383855719"}],"bounds":{"lowerRight":{"x":342.17307252718546,"y":321.6282010253731},"upperLeft":{"x":308.17307252718546,"y":287.6282010253731}},"dockers":[]},{"resourceId":"oryx_C37ACAD1-7F89-4F41-A413-286C347328A4","properties":{"y":"260.0","x":"153.0","AreaVPath":"$IW_WORKAREA","Brief Description":"","Description":"Translation User Task","Name":"Translate User Task","id":"Translate User Task","Eafinishop":"","Eastartop":"","Wfvarfinishop":"","Wfvarstartop":"","Lock":"true","Readonly":"false","Transferonly":"false","Owner":"$IW_USER","Variables":"user_task_type=translation","CSSclass":"Task","ActivationCount":"0","Status":"none","Valid":"true","BackgroundColor":"#c0c0c0","TaskType":"ItsUserTask"},"stencil":{"id":"UserTask"},"childShapes":[],"outgoing":[{"resourceId":"oryx_F2BF9F40-23F4-4FC9-9D96-8170FE19693B"}],"bounds":{"lowerRight":{"x":453,"y":560},"upperLeft":{"x":351,"y":478}},"dockers":[]},{"resourceId":"oryx_DCF85C6A-D158-4F8A-AFB8-C64A1E8AC0C1","properties":{"y":"353.0","x":"779.0","AreaVPath":"$IW_WORKAREA","Brief Description":"","Description":"Please confirm that the external translations have been received and place in the correct location for pick-up by the workflow.  Once the files are ready, complete this task to continue.","Name":"Confirm External Translation","id":"Confirm External Translation","Eafinishop":"","Eastartop":"","Wfvarfinishop":"","Wfvarstartop":"","Lock":"false","Readonly":"false","Transferonly":"false","Owner":"$IW_USER","Variables":"","CSSclass":"Task","ActivationCount":"0","Status":"none","Valid":"true","BackgroundColor":"#c0c0c0","TaskType":"ItsUserTask"},"stencil":{"id":"UserTask"},"childShapes":[],"outgoing":[{"resourceId":"oryx_6ACFED74-0B50-43C7-A4F2-2172F57F4833"}],"bounds":{"lowerRight":{"x":1467.0000000000002,"y":677.8012735525585},"upperLeft":{"x":1365,"y":595.8012735525585}},"dockers":[]},{"resourceId":"oryx_3C8B555C-78FC-402B-8756-B04F9ED50B5E","properties":{"y":"398.0","x":"325.0","AreaVPath":"$IW_WORKAREA","Brief Description":"Review the translation work","Description":"The review task to go over the translation work done.","Name":"Translation Review","id":"Translation Review","CSSclass":"Task","Available Groups":"","Available Users":"$IW_DS(g11n_reviewers);","NoOfReviewers":"$IW_REVIEWER(reviewer)","ReturnOnFirstReject":"false","ReviewType":"Concurrent","NotifyReviewer":"true","Lock":"true","Readonly":"true","Transferonly":"false","ReviewOwner":"","Variables":"mail_template=/iwadmin/main/config/STAGING/workflow/email/configurableReviewerNotification.xsl |ClassName=com.interwoven.ui.teamsite.workflow.task.urltask.ReviewerMailNotificationTask|target_task_name=Translation Review","Eafinishop":"","Eastartop":"","Wfvarfinishop":"","Wfvarstartop":"","ActivationCount":"0","Status":"none","Valid":"true","BackgroundColor":"#c0c0c0","TaskType":"ItsReviewTask"},"stencil":{"id":"ReviewTask"},"childShapes":[],"outgoing":[{"resourceId":"oryx_BF0B6D91-5487-4B11-977A-7396A4E3731D"},{"resourceId":"oryx_DE446156-B78A-4F40-A0CE-ADBB61A4A415"}],"bounds":{"lowerRight":{"x":587,"y":657.2564020507461},"upperLeft":{"x":485,"y":575.2564020507461}},"dockers":[]},{"resourceId":"oryx_8C6BF0E5-C13B-40B9-B945-BBBF4B6FA084","properties":{"y":"480.0","x":"539.0","AreaVPath":"$IW_WORKAREA","Brief Description":"","Description":"Email user regarding an error while setting translation status on files.","Name":"Email User - Status Error","id":"Email User - Status Error","CSSclass":"Task","Owner":"$IW_USER","EMailCommand":"http://$IW_SERVER/iw-cc/urlexternaltask","Retry":"true","Lock":"false","Readonly":"false","Transferonly":"false","Variables":"mail_template=/iwadmin/main/config/STAGING/workflow/email/configurableAuthorNotification.xsl|ClassName=com.interwoven.ui.teamsite.workflow.task.urltask.AuthorMailNotificationTask|target_task_name=Resolve Status Errors","Eafinishop":"","Eastartop":"","Wfvarfinishop":"","Wfvarstartop":"","ActivationCount":"0","Status":"none","Valid":"true","BackgroundColor":"#c0c0c0","TaskType":"ItsEmailTask"},"stencil":{"id":"EmailTask"},"childShapes":[],"outgoing":[{"resourceId":"oryx_8AAB9966-E781-4364-9A79-FDDE276DB947"},{"resourceId":"oryx_7CD48013-431D-492F-9AB8-719556E54D4D"}],"bounds":{"lowerRight":{"x":839,"y":780},"upperLeft":{"x":737,"y":698}},"dockers":[]},{"resourceId":"oryx_7248A5B0-1CA5-4D3B-BE43-53A01AD56624","properties":{"y":"244.0","x":"587.0","AreaVPath":"$IW_WORKAREA","Brief Description":"","Description":"Notify completion of external translation prep work.","Name":"Notify Prep Completion","id":"Notify Prep Completion","CSSclass":"Task","Owner":"$IW_USER","EMailCommand":"http://$IW_SERVER/iw-cc/urlexternaltask","Retry":"true","Lock":"false","Readonly":"false","Transferonly":"false","Variables":"mail_template=/iwadmin/main/config/STAGING/workflow/email/configurableAuthorNotification.xsl|ClassName=com.interwoven.ui.teamsite.workflow.task.urltask.AuthorMailNotificationTask|target_task_name=Confirm External Translation","Eafinishop":"","Eastartop":"","Wfvarfinishop":"","Wfvarstartop":"","ActivationCount":"0","Status":"none","Valid":"true","BackgroundColor":"#c0c0c0","TaskType":"ItsEmailTask"},"stencil":{"id":"EmailTask"},"childShapes":[],"outgoing":[{"resourceId":"oryx_FEDD8C8D-9BF9-486B-88F0-0A1C6A29C544"},{"resourceId":"oryx_DE55E370-63BB-4830-89DE-E1BEFF688549"}],"bounds":{"lowerRight":{"x":903.2499885706821,"y":554.5320445416844},"upperLeft":{"x":801.2499885706821,"y":472.53204454168434}},"dockers":[]},{"resourceId":"oryx_36BA6FB0-DEE2-4379-AD53-FE4F29EF8A69","properties":{"y":"153.0","x":"222.0","AreaVPath":"$IW_WORKAREA","Brief Description":"","Description":"Notify the translator of work to be done.","Name":"Notify Translator","id":"Notify Translator","CSSclass":"Task","Owner":"$IW_USER","EMailCommand":"http://$IW_SERVER/iw-cc/urlexternaltask","Retry":"true","Lock":"false","Readonly":"false","Transferonly":"false","Variables":"mail_template=/iwadmin/main/config/STAGING/workflow/email/configurableAuthorNotification.xsl|ClassName=com.interwoven.ui.teamsite.workflow.task.urltask.AuthorMailNotificationTask|target_task_name=Translate User Task","Eafinishop":"","Eastartop":"","Wfvarfinishop":"","Wfvarstartop":"","ActivationCount":"0","Status":"none","Valid":"true","BackgroundColor":"#c0c0c0","TaskType":"ItsEmailTask"},"stencil":{"id":"EmailTask"},"childShapes":[],"outgoing":[{"resourceId":"oryx_3E6B6C9E-2FEC-4BBF-8832-2B753B48195D"},{"resourceId":"oryx_DD35D94D-8394-4822-9AC7-4826E405983F"}],"bounds":{"lowerRight":{"x":587,"y":472.3525585344349},"upperLeft":{"x":484.99999999999994,"y":390.3525585344349}},"dockers":[]},{"resourceId":"oryx_A08AA2F7-4A10-49B3-8C0F-B54D8CD734A5","properties":{"y":"593.0","x":"615.0","AreaVPath":"$IW_WORKAREA","Brief Description":"","Description":"Resolve translation status errors.","Name":"Resolve Status Errors","id":"Resolve Status Errors","CSSclass":"Task","Owner":"$IW_USER","CGIScriptName":"iwbs.cgi","Immediate":"false","Lock":"false","Readonly":"false","Transferonly":"false","Variables":"","Eafinishop":"","Eastartop":"","Wfvarfinishop":"","Wfvarstartop":"","ActivationCount":"0","Status":"none","Valid":"true","BackgroundColor":"#c0c0c0","TaskType":"ItsCGITask"},"stencil":{"id":"CGITask"},"childShapes":[],"outgoing":[{"resourceId":"oryx_A493B51A-9DB7-457A-833D-3377D494B8BA"}],"bounds":{"lowerRight":{"x":985.4294745779316,"y":875},"upperLeft":{"x":883.4294745779316,"y":793}},"dockers":[]},{"resourceId":"oryx_D0750197-5A57-4A4A-8EB2-3740BEB80CFA","properties":{"y":"79.0","x":"246.0","AreaVPath":"$IW_WORKAREA","Brief Description":"","Description":"Translation manifest building task","Name":"Build Manifest and Set Translation Status","id":"Build Manifest and Set Translation Status","CSSclass":"Task","Owner":"$IW_USER","URI":"http://$IW_SERVER/iw-cc/urlexternaltask","Retry":"true","Lock":"true","Readonly":"false","Transferonly":"false","Variables":"iw_success_transition=Translate|iw_failure_transition=Cancel Job|ClassName=com.interwoven.ui.teamsite.g11n.translation.workflow.task.urltask.BuildManifestAndSetTranslationStatusTask|exclude_page_file=$IW_CV(exclude_page_file)|translation_type=$IW_CV(translation_type)","Eafinishop":"","Eastartop":"","Wfvarfinishop":"","Wfvarstartop":"","ActivationCount":"0","Status":"none","Valid":"true","BackgroundColor":"#c0c0c0","TaskType":"ItsURLTask"},"stencil":{"id":"URLTask"},"childShapes":[],"outgoing":[{"resourceId":"oryx_BCEF2351-8874-4FDA-A60B-D3CA99A1CD9D"},{"resourceId":"oryx_69E1F172-DFA2-4EF4-9A33-9606D296F93B"}],"bounds":{"lowerRight":{"x":657,"y":358},"upperLeft":{"x":555,"y":276}},"dockers":[]},{"resourceId":"oryx_14A1D424-BC95-473F-B809-A707C2B81F81","properties":{"y":"575.0","x":"138.0","AreaVPath":"$IW_WORKAREA","Brief Description":"","Description":"Clean up manifest file","Name":"Clean Up Manifest","id":"Clean Up Manifest","CSSclass":"Task","Owner":"$IW_USER","URI":"http://$IW_SERVER/iw-cc/urlexternaltask","Retry":"true","Lock":"false","Readonly":"false","Transferonly":"false","Variables":"ClassName=com.interwoven.ui.teamsite.g11n.translation.workflow.task.urltask.CleanUpTranslationHelperFilesTask","Eafinishop":"","Eastartop":"","Wfvarfinishop":"","Wfvarstartop":"","ActivationCount":"0","Status":"none","Valid":"true","BackgroundColor":"#c0c0c0","TaskType":"ItsURLTask"},"stencil":{"id":"URLTask"},"childShapes":[],"outgoing":[{"resourceId":"oryx_0FDB010A-9EB9-409C-9AAC-4CF9E9231250"}],"bounds":{"lowerRight":{"x":417,"y":875},"upperLeft":{"x":315,"y":793}},"dockers":[]},{"resourceId":"oryx_52EEDF79-B8EB-4486-AEEA-CD84D670B00D","properties":{"y":"496.0","x":"287.0","AreaVPath":"$IW_WORKAREA","Brief Description":"","Description":"Set translation status","Name":"Set Translation Complete Status","id":"Set Translation Complete Status","CSSclass":"Task","Owner":"$IW_USER","URI":"http://$IW_SERVER/iw-cc/urlexternaltask","Retry":"true","Lock":"true","Readonly":"false","Transferonly":"false","Variables":"ClassName=com.interwoven.ui.teamsite.g11n.translation.workflow.task.urltask.SetTranslationDoneStatusTask|iw_success_transition=Clean Manifest|iw_failure_transition=Notify Error","Eafinishop":"","Eastartop":"","Wfvarfinishop":"","Wfvarstartop":"","ActivationCount":"0","Status":"none","Valid":"true","BackgroundColor":"#c0c0c0","TaskType":"ItsURLTask"},"stencil":{"id":"URLTask"},"childShapes":[],"outgoing":[{"resourceId":"oryx_EB93DCD0-D395-4790-A011-78C919897EE2"},{"resourceId":"oryx_670E278A-9D84-4D33-B90D-29A5F4A8DF40"}],"bounds":{"lowerRight":{"x":587,"y":821.6153740652451},"upperLeft":{"x":484.99999999999994,"y":739.6153740652451}},"dockers":[]},{"resourceId":"oryx_65A42F98-8D68-4437-8378-AD5D542D8B70","properties":{"y":"359.0","x":"548.0","AreaVPath":"$IW_WORKAREA","Brief Description":"","Description":"Import the translated content back into the respository","Name":"Import External Translation","id":"Import External Translation","CSSclass":"Task","Owner":"$IW_USER","URI":"http://$IW_SERVER/iw-cc/urlexternaltask","Retry":"true","Lock":"false","Readonly":"false","Transferonly":"false","Variables":"ClassName=com.interwoven.ui.teamsite.g11n.translation.workflow.task.urltask.ImportExternalTranslationResultTask","Eafinishop":"","Eastartop":"","Wfvarfinishop":"","Wfvarstartop":"","ActivationCount":"0","Status":"none","Valid":"true","BackgroundColor":"#c0c0c0","TaskType":"ItsURLTask"},"stencil":{"id":"URLTask"},"childShapes":[],"outgoing":[{"resourceId":"oryx_F3DCA014-303B-43AC-839B-FE34282E1139"}],"bounds":{"lowerRight":{"x":1467,"y":892},"upperLeft":{"x":1365,"y":810}},"dockers":[]},{"resourceId":"oryx_E37F0472-203D-4CC6-9482-A9EBF0F63F92","properties":{"y":"126.0","x":"511.0","AreaVPath":"$IW_WORKAREA","Brief Description":"","Description":"Prepare files required for external translation.","Name":"External Translation Prep Task","id":"External Translation Prep Task","CSSclass":"Task","Owner":"$IW_USER","URI":"http://$IW_SERVER/iw-cc/urlexternaltask","Retry":"true","Lock":"false","Readonly":"false","Transferonly":"false","Variables":"ClassName=com.interwoven.ui.teamsite.g11n.translation.workflow.task.urltask.PrepareExternalTranslationTask","Eafinishop":"","Eastartop":"","Wfvarfinishop":"","Wfvarstartop":"","ActivationCount":"0","Status":"none","Valid":"true","BackgroundColor":"#c0c0c0","TaskType":"ItsURLTask"},"stencil":{"id":"URLTask"},"childShapes":[],"outgoing":[{"resourceId":"oryx_970D2742-7EFC-46FE-A7CE-E1086A010BBB"}],"bounds":{"lowerRight":{"x":903.2499885706821,"y":358},"upperLeft":{"x":801.2499885706821,"y":276}},"dockers":[]},{"resourceId":"oryx_31D3B98E-3C1F-4B52-AAFC-DD53A59F0609","properties":{"y":"647.0","x":"276.0","Name":"Translation Job Complete","id":"Translation Job Complete","Brief Description":"","Eafinishop":"","Eastartop":"","Wfvarfinishop":"","Wfvarstartop":"","CSSclass":"Event"},"stencil":{"id":"End"},"childShapes":[],"outgoing":[],"bounds":{"lowerRight":{"x":674,"y":941},"upperLeft":{"x":640,"y":907}},"dockers":[]},{"resourceId":"oryx_D64872BE-BA8B-4CD7-906F-D917B1C53E38","properties":{"y":"204.00003","x":"409.0","Name":"Translation Type","id":"Translation Type","GatewayType":"AND"},"stencil":{"id":"AND"},"childShapes":[],"outgoing":[{"resourceId":"oryx_80E7AE54-F6BF-4B4A-A9FD-54CA7C3DF08B"},{"resourceId":"oryx_ECF4777D-5E4F-4CEE-8987-D70DB03088DB"}],"bounds":{"lowerRight":{"x":709,"y":504.00003000000003},"upperLeft":{"x":669,"y":464.00003000000003}},"dockers":[]},{"resourceId":"oryx_97D0799A-462B-4CD2-AF5A-4A23F24E5D48","properties":{"y":"312.0","x":"377.0","Name":"Reject Gateway","id":"Reject Gateway","GatewayType":"AND"},"stencil":{"id":"AND"},"childShapes":[],"outgoing":[{"resourceId":"oryx_B8A6CF8F-0809-4223-8F14-024122F3B4B2"},{"resourceId":"oryx_3382521A-9525-4F96-96A4-676163A518A8"}],"bounds":{"lowerRight":{"x":677,"y":612},"upperLeft":{"x":637,"y":572}},"dockers":[]},{"resourceId":"oryx_6DEC2B42-887C-4BE9-9F2A-C46383855719","properties":{"Name":"Build Manifest","id":"Flow8","Type":"Default"},"stencil":{"id":"Flow"},"childShapes":[],"outgoing":[{"resourceId":"oryx_D0750197-5A57-4A4A-8EB2-3740BEB80CFA"}],"bounds":{"lowerRight":{"x":554.5911269387417,"y":302.7578707037936},"upperLeft":{"x":342.45878292520154,"y":302.1363199372278}},"dockers":[{"x":14.45,"y":14.45},{"x":21.409544146281973,"y":26.821798974626915}],"target":{"resourceId":"oryx_D0750197-5A57-4A4A-8EB2-3740BEB80CFA"}},{"resourceId":"oryx_0FDB010A-9EB9-409C-9AAC-4CF9E9231250","properties":{"Name":"Complete Job","id":"Flow12","Type":"Default"},"stencil":{"id":"Flow"},"childShapes":[],"outgoing":[{"resourceId":"oryx_31D3B98E-3C1F-4B52-AAFC-DD53A59F0609"}],"bounds":{"lowerRight":{"x":639.88203125,"y":921.45},"upperLeft":{"x":365,"y":875.4609375}},"dockers":[{"x":50,"y":40},{"x":365,"y":921.45},{"x":14.45,"y":14.45}],"target":{"resourceId":"oryx_31D3B98E-3C1F-4B52-AAFC-DD53A59F0609"}},{"resourceId":"oryx_F2BF9F40-23F4-4FC9-9D96-8170FE19693B","properties":{"Name":"Translation Done","id":"Flow14","Type":"Default"},"stencil":{"id":"Flow"},"childShapes":[],"outgoing":[{"resourceId":"oryx_3C8B555C-78FC-402B-8756-B04F9ED50B5E"}],"bounds":{"lowerRight":{"x":484.796875,"y":616.2564020507461},"upperLeft":{"x":401,"y":560.4519196151585}},"dockers":[{"x":50,"y":40},{"x":401,"y":616.2564020507461},{"x":50.00000000000001,"y":41}],"target":{"resourceId":"oryx_3C8B555C-78FC-402B-8756-B04F9ED50B5E"}},{"resourceId":"oryx_DE446156-B78A-4F40-A0CE-ADBB61A4A415","properties":{"Name":"Approve","id":"Flow16","Type":"Success"},"stencil":{"id":"SuccessLink"},"childShapes":[],"outgoing":[{"resourceId":"oryx_52EEDF79-B8EB-4486-AEEA-CD84D670B00D"}],"bounds":{"lowerRight":{"x":535.9840813434048,"y":739.1019861972779},"upperLeft":{"x":535.3284186565952,"y":658.2201111641823}},"dockers":[{"x":51.00000000000001,"y":81},{"x":50.00000000000005,"y":40}],"target":{"resourceId":"oryx_52EEDF79-B8EB-4486-AEEA-CD84D670B00D"}},{"resourceId":"oryx_BF0B6D91-5487-4B11-977A-7396A4E3731D","properties":{"Name":"Reject","id":"Flow17","Type":"Failure"},"stencil":{"id":"FailureLink"},"childShapes":[],"outgoing":[{"resourceId":"oryx_97D0799A-462B-4CD2-AF5A-4A23F24E5D48"}],"bounds":{"lowerRight":{"x":637.0670163644921,"y":592.889293011942},"upperLeft":{"x":587.4312202706684,"y":592.2548019833491}},"dockers":[{"x":61.84398355096665,"y":18.151714866535258},{"x":20,"y":20}],"target":{"resourceId":"oryx_97D0799A-462B-4CD2-AF5A-4A23F24E5D48"}},{"resourceId":"oryx_670E278A-9D84-4D33-B90D-29A5F4A8DF40","properties":{"Name":"Clean Manifest","id":"Flow18","Type":"Default"},"stencil":{"id":"Flow"},"childShapes":[],"outgoing":[{"resourceId":"oryx_14A1D424-BC95-473F-B809-A707C2B81F81"}],"bounds":{"lowerRight":{"x":484.59911426779945,"y":792.817592367258},"upperLeft":{"x":365,"y":767.00857661854}},"dockers":[{"x":10.819378188799476,"y":27.39320255329494},{"x":365,"y":767.00857661854},{"x":50,"y":40}],"target":{"resourceId":"oryx_14A1D424-BC95-473F-B809-A707C2B81F81"}},{"resourceId":"oryx_BCEF2351-8874-4FDA-A60B-D3CA99A1CD9D","properties":{"Name":"Translate","id":"Flow53","Type":"Default"},"stencil":{"id":"Flow"},"childShapes":[],"outgoing":[{"resourceId":"oryx_D64872BE-BA8B-4CD7-906F-D917B1C53E38"}],"bounds":{"lowerRight":{"x":689,"y":463.98061535251264},"upperLeft":{"x":657.1874992260612,"y":316.0649284525234}},"dockers":[{"x":50,"y":40},{"x":689,"y":316.1045075945936},{"x":20,"y":20}],"target":{"resourceId":"oryx_D64872BE-BA8B-4CD7-906F-D917B1C53E38"}},{"resourceId":"oryx_69E1F172-DFA2-4EF4-9A33-9606D296F93B","properties":{"Name":"Cancel Job","id":"Flow54","Type":"Default"},"stencil":{"id":"Flow"},"childShapes":[],"outgoing":[{"resourceId":"oryx_14A1D424-BC95-473F-B809-A707C2B81F81"}],"bounds":{"lowerRight":{"x":555,"y":792.116089695966},"upperLeft":{"x":335.1249482865817,"y":337.5}},"dockers":[{"x":1,"y":61.5},{"x":335.1249482865817,"y":337.5},{"x":20.124948286581656,"y":16.717485676790716}],"target":{"resourceId":"oryx_14A1D424-BC95-473F-B809-A707C2B81F81"}},{"resourceId":"oryx_EB93DCD0-D395-4790-A011-78C919897EE2","properties":{"Name":"Notify Error","id":"Flow120","Type":"Default"},"stencil":{"id":"Flow"},"childShapes":[],"outgoing":[{"resourceId":"oryx_8C6BF0E5-C13B-40B9-B945-BBBF4B6FA084"}],"bounds":{"lowerRight":{"x":736.8593735713352,"y":779.6153740652451},"upperLeft":{"x":587.1868976647454,"y":738}},"dockers":[{"x":50.00000000000005,"y":40},{"x":666.0384580217484,"y":779.6153740652451},{"x":666.0384580217484,"y":738},{"x":50,"y":40}],"target":{"resourceId":"oryx_8C6BF0E5-C13B-40B9-B945-BBBF4B6FA084"}},{"resourceId":"oryx_7CD48013-431D-492F-9AB8-719556E54D4D","properties":{"Name":"Resolve Error","id":"Flow121","Type":"Default"},"stencil":{"id":"Flow"},"childShapes":[],"outgoing":[{"resourceId":"oryx_A08AA2F7-4A10-49B3-8C0F-B54D8CD734A5"}],"bounds":{"lowerRight":{"x":933.7899652934914,"y":792.0742788136871},"upperLeft":{"x":839.6933058950134,"y":739}},"dockers":[{"x":81.95626337834812,"y":41},{"x":933.7899652934914,"y":739},{"x":932.7371826171875,"y":750.5726318359375},{"x":50,"y":40}],"target":{"resourceId":"oryx_A08AA2F7-4A10-49B3-8C0F-B54D8CD734A5"}},{"resourceId":"oryx_8AAB9966-E781-4364-9A79-FDDE276DB947","properties":{"Valid":"true","Name":"Email Timeout","id":"Flow122","Type":"Timeout","Timeout Duration":"+000000"},"stencil":{"id":"TimeoutLink"},"childShapes":[],"outgoing":[{"resourceId":"oryx_A08AA2F7-4A10-49B3-8C0F-B54D8CD734A5"}],"bounds":{"lowerRight":{"x":916.3012880631522,"y":792.4681742434518},"upperLeft":{"x":839.6117288129933,"y":759.5}},"dockers":[{"x":101,"y":61.5},{"x":916.3012880631522,"y":759.5},{"x":32.87181348522063,"y":6.026602756016587}],"target":{"resourceId":"oryx_A08AA2F7-4A10-49B3-8C0F-B54D8CD734A5"}},{"resourceId":"oryx_A493B51A-9DB7-457A-833D-3377D494B8BA","properties":{"Name":"Clean Manifest","id":"Flow123","Type":"Default"},"stencil":{"id":"Flow"},"childShapes":[],"outgoing":[{"resourceId":"oryx_14A1D424-BC95-473F-B809-A707C2B81F81"}],"bounds":{"lowerRight":{"x":882.4698527888556,"y":834},"upperLeft":{"x":417.06983560661103,"y":832}},"dockers":[{"x":50,"y":40},{"x":50,"y":40}],"target":{"resourceId":"oryx_14A1D424-BC95-473F-B809-A707C2B81F81"}},{"resourceId":"oryx_80E7AE54-F6BF-4B4A-A9FD-54CA7C3DF08B","properties":{"Name":"Internal Translation","id":"Flow125","Type":"Conditional","Expression":"$IW_SCRIPT(ID1271452472000)"},"stencil":{"id":"ConditionalLink"},"childShapes":[],"outgoing":[{"resourceId":"oryx_36BA6FB0-DEE2-4379-AD53-FE4F29EF8A69"}],"bounds":{"lowerRight":{"x":669.0546875,"y":484.00003000000003},"upperLeft":{"x":587.1015625,"y":430.3525585344349}},"dockers":[{"x":20,"y":20},{"x":640.5,"y":484.00003000000003},{"x":640.5,"y":430.3525585344349},{"x":50.000000000000035,"y":40}],"target":{"resourceId":"oryx_36BA6FB0-DEE2-4379-AD53-FE4F29EF8A69"}},{"resourceId":"oryx_ECF4777D-5E4F-4CEE-8987-D70DB03088DB","properties":{"Name":"External Translation","id":"Flow127","Type":"Conditional","Expression":"$IW_SCRIPT(ID1271452551234)"},"stencil":{"id":"ConditionalLink"},"childShapes":[],"outgoing":[{"resourceId":"oryx_E37F0472-203D-4CC6-9482-A9EBF0F63F92"}],"bounds":{"lowerRight":{"x":800.6884034043901,"y":474.6834658851591},"upperLeft":{"x":700.2051575876968,"y":316}},"dockers":[{"x":31.205157587696817,"y":18.852897618778456},{"x":700.2051575876968,"y":316},{"x":50,"y":40}],"target":{"resourceId":"oryx_E37F0472-203D-4CC6-9482-A9EBF0F63F92"}},{"resourceId":"oryx_F3DCA014-303B-43AC-839B-FE34282E1139","properties":{"Name":"Translation Done","id":"Flow128","Type":"Default"},"stencil":{"id":"Flow"},"childShapes":[],"outgoing":[{"resourceId":"oryx_F4B17A4E-17FC-4886-B770-CC68F19A47A5"}],"bounds":{"lowerRight":{"x":1364.6653349469732,"y":851},"upperLeft":{"x":1219.0353088651063,"y":677.5294734551145}},"dockers":[{"x":51.5999755859375,"y":41},{"x":1219.0353088651063,"y":851},{"x":49.035308865106344,"y":39.46577069988996}],"target":{"resourceId":"oryx_F4B17A4E-17FC-4886-B770-CC68F19A47A5"}},{"resourceId":"oryx_B8A6CF8F-0809-4223-8F14-024122F3B4B2","properties":{"Name":"Reject - Internal","id":"Flow89","Type":"Conditional","Expression":"$IW_SCRIPT(ID1271703591161)"},"stencil":{"id":"ConditionalLink"},"childShapes":[],"outgoing":[{"resourceId":"oryx_C37ACAD1-7F89-4F41-A413-286C347328A4"}],"bounds":{"lowerRight":{"x":657,"y":571.609375},"upperLeft":{"x":453.9999923706928,"y":518.207031220198}},"dockers":[{"x":20,"y":20},{"x":657,"y":519},{"x":50,"y":40}],"target":{"resourceId":"oryx_C37ACAD1-7F89-4F41-A413-286C347328A4"}},{"resourceId":"oryx_3382521A-9525-4F96-96A4-676163A518A8","properties":{"Name":"Reject - External","id":"Flow90","Type":"Conditional","Expression":"$IW_SCRIPT(ID1271703625380)"},"stencil":{"id":"ConditionalLink"},"childShapes":[],"outgoing":[{"resourceId":"oryx_7248A5B0-1CA5-4D3B-BE43-53A01AD56624"}],"bounds":{"lowerRight":{"x":800.6312492442405,"y":580.4278529348917},"upperLeft":{"x":665.673061191981,"y":521.41450406782}},"dockers":[{"x":28.67306119198099,"y":18.001188487330523},{"x":665.673061191981,"y":521.41450406782},{"x":27.828218824953524,"y":48.8824595261356}],"target":{"resourceId":"oryx_7248A5B0-1CA5-4D3B-BE43-53A01AD56624"}},{"resourceId":"oryx_970D2742-7EFC-46FE-A7CE-E1086A010BBB","properties":{"Name":"Preparation Done","id":"Flow276","Type":"Default"},"stencil":{"id":"Flow"},"childShapes":[],"outgoing":[{"resourceId":"oryx_7248A5B0-1CA5-4D3B-BE43-53A01AD56624"}],"bounds":{"lowerRight":{"x":852.2499885706821,"y":471.6114729941548},"upperLeft":{"x":850.2499885706821,"y":358.4559781455115}},"dockers":[{"x":50,"y":40},{"x":50,"y":40.00000000000003}],"target":{"resourceId":"oryx_7248A5B0-1CA5-4D3B-BE43-53A01AD56624"}},{"resourceId":"oryx_FEDD8C8D-9BF9-486B-88F0-0A1C6A29C544","properties":{"Name":"Verify Work","id":"Flow279","Type":"Default"},"stencil":{"id":"Flow"},"childShapes":[],"outgoing":[{"resourceId":"oryx_DCF85C6A-D158-4F8A-AFB8-C64A1E8AC0C1"}],"bounds":{"lowerRight":{"x":1415.0000032043317,"y":595.3931166351797},"upperLeft":{"x":904.000478105476,"y":512.5543972243244}},"dockers":[{"x":50,"y":40.00000000000003},{"x":1415.0000032043317,"y":512.7709300056196},{"x":50.000000000000114,"y":40}],"target":{"resourceId":"oryx_DCF85C6A-D158-4F8A-AFB8-C64A1E8AC0C1"}},{"resourceId":"oryx_DE55E370-63BB-4830-89DE-E1BEFF688549","properties":{"Name":"Email Timeout","id":"Flow280","Type":"Timeout","Timeout Duration":"+000000"},"stencil":{"id":"TimeoutLink"},"childShapes":[],"outgoing":[{"resourceId":"oryx_DCF85C6A-D158-4F8A-AFB8-C64A1E8AC0C1"}],"bounds":{"lowerRight":{"x":1400.611095052142,"y":595.1520589006031},"upperLeft":{"x":903.5386778792222,"y":545.5234877064436}},"dockers":[{"x":75.72029006968375,"y":72.99144316475923},{"x":1400.611095052142,"y":545.5234877064436},{"x":35.61109505214192,"y":4.641342228905728}],"target":{"resourceId":"oryx_DCF85C6A-D158-4F8A-AFB8-C64A1E8AC0C1"}},{"resourceId":"oryx_6ACFED74-0B50-43C7-A4F2-2172F57F4833","properties":{"Name":"Translation Ready!","id":"Flow282","Type":"Default"},"stencil":{"id":"Flow"},"childShapes":[],"outgoing":[{"resourceId":"oryx_65A42F98-8D68-4437-8378-AD5D542D8B70"}],"bounds":{"lowerRight":{"x":1415.9696967803611,"y":809.711118219548},"upperLeft":{"x":1415.8732163764705,"y":678.2541958909969}},"dockers":[{"x":50.842297129995586,"y":40.324688848616006},{"x":51,"y":41}],"target":{"resourceId":"oryx_65A42F98-8D68-4437-8378-AD5D542D8B70"}},{"resourceId":"oryx_3E6B6C9E-2FEC-4BBF-8832-2B753B48195D","properties":{"Name":"Start Work","id":"Flow284","Type":"Default"},"stencil":{"id":"Flow"},"childShapes":[],"outgoing":[{"resourceId":"oryx_C37ACAD1-7F89-4F41-A413-286C347328A4"}],"bounds":{"lowerRight":{"x":484.796875,"y":477.2847530859158},"upperLeft":{"x":401,"y":430.3525585344349}},"dockers":[{"x":50.000000000000035,"y":40},{"x":401,"y":430.3525585344349},{"x":50,"y":40}],"target":{"resourceId":"oryx_C37ACAD1-7F89-4F41-A413-286C347328A4"}},{"resourceId":"oryx_DD35D94D-8394-4822-9AC7-4826E405983F","properties":{"Name":"Email Timeout","id":"Flow285","Type":"Timeout","Timeout Duration":"+000000"},"stencil":{"id":"TimeoutLink"},"childShapes":[],"outgoing":[{"resourceId":"oryx_C37ACAD1-7F89-4F41-A413-286C347328A4"}],"bounds":{"lowerRight":{"x":484.70901034953124,"y":477.5355102887692},"upperLeft":{"x":421.8547124290834,"y":447.87820302199583}},"dockers":[{"x":48.81841289233449,"y":57.52564448756095},{"x":421.8547124290834,"y":447.87820302199583},{"x":70.8547124290834,"y":3.706955868090631}],"target":{"resourceId":"oryx_C37ACAD1-7F89-4F41-A413-286C347328A4"}},{"resourceId":"oryx_B18D7B09-B1DF-4922-9902-A84D5DAD5793","properties":{"AreaVPath":"$IW_WORKAREA","Brief Description":"","Description":"","Name":"DCR Cleanup","id":"DCR Cleanup","CSSclass":"Task","Owner":"$IW_USER","URI":"http://$IW_SERVER/iw-cc/urlexternaltask","Retry":"true","Lock":"false","Readonly":"false","Transferonly":"false","Variables":"ClassName=com.ups.teamsite.workflow.task.CleanupExternalTranslationResultTask","Eafinishop":"","Eastartop":"","Wfvarfinishop":"","Wfvarstartop":"","ActivationCount":"0","Status":"none","Valid":"none","BackgroundColor":"#c0c0c0","TaskType":"ItsURLTask"},"stencil":{"id":"URLTask"},"childShapes":[],"outgoing":[{"resourceId":"oryx_149E5307-1F8F-4224-97A8-CF7E12790300"}],"bounds":{"lowerRight":{"x":984.4294745779316,"y":680},"upperLeft":{"x":884.4294745779316,"y":600}},"dockers":[]},{"resourceId":"oryx_149E5307-1F8F-4224-97A8-CF7E12790300","properties":{"Name":"Cleanup Done","id":"Flow3","Type":"Default"},"stencil":{"id":"Flow"},"childShapes":[],"outgoing":[{"resourceId":"oryx_3C8B555C-78FC-402B-8756-B04F9ED50B5E"}],"bounds":{"lowerRight":{"x":884.4198115744293,"y":640},"upperLeft":{"x":587.703125,"y":616.2564020507461}},"dockers":[{"x":50,"y":40},{"x":683.5,"y":640},{"x":683.5,"y":616.2564020507461},{"x":51,"y":41}],"target":{"resourceId":"oryx_3C8B555C-78FC-402B-8756-B04F9ED50B5E"}},{"resourceId":"oryx_F4B17A4E-17FC-4886-B770-CC68F19A47A5","properties":{"AreaVPath":"$IW_WORKAREA","Brief Description":"","Description":"","Name":"Auto Tagger","id":"Auto Tagger","CSSclass":"Task","Owner":"$IW_USER","URI":"http://$IW_SERVER/iw-cc/urlexternaltask","Retry":"true","Lock":"false","Readonly":"false","Transferonly":"false","Variables":"ClassName=com.ups.teamsite.workflow.task.CallAutoTaggerTask|iw_success_transition=Auto Tagger Done|iw_failure_transition=Auto Tagger Done","Eafinishop":"","Eastartop":"","Wfvarfinishop":"","Wfvarstartop":"","ActivationCount":"0","Status":"none","Valid":"none","BackgroundColor":"#c0c0c0","TaskType":"ItsURLTask"},"stencil":{"id":"URLTask"},"childShapes":[],"outgoing":[{"resourceId":"oryx_D37A34DF-3FED-40E6-AE97-E885B8FE2D59"}],"bounds":{"lowerRight":{"x":1270,"y":676.8012735525585},"upperLeft":{"x":1170,"y":596.8012735525585}},"dockers":[]},{"resourceId":"oryx_D37A34DF-3FED-40E6-AE97-E885B8FE2D59","properties":{"Name":"Auto Tagger Done","id":"Flow2","Type":"Default"},"stencil":{"id":"Flow"},"childShapes":[],"outgoing":[{"resourceId":"oryx_B18D7B09-B1DF-4922-9902-A84D5DAD5793"}],"bounds":{"lowerRight":{"x":1169.9175659430818,"y":640},"upperLeft":{"x":984.5119086348495,"y":636.8012735525585}},"dockers":[{"x":50,"y":40},{"x":1077.2147372889658,"y":636.8012735525585},{"x":1077.2147372889658,"y":640},{"x":50,"y":40}],"target":{"resourceId":"oryx_B18D7B09-B1DF-4922-9902-A84D5DAD5793"}}],"bounds":{"lowerRight":{"x":1567.0000000000002,"y":1050},"upperLeft":{"x":0,"y":0}},"stencilset":{"url":"/iw-wfm/editor/stencilsets/iwov_process_model/iwovprocessmodels.json","namespace":"http://autonomy.com/stencilset/iwovwfm#"},"ssextensions":[],"modelVariables":[{"TaskId":"URLTask","PropertyName":"Variables","VariableId":"translation_type","VariableValue":"","TaskType":"","isDeleted":""},{"TaskId":"URLTask","PropertyName":"Variables","VariableId":"exclude_page_file","VariableValue":"","TaskType":"","isDeleted":""},{"TaskId":"Flow90","PropertyName":"Expression","VariableId":"ID1271703625380","VariableValue":{"value":{"id":"ID1271703625380","code":"if (\"$IW_CV(translation_type)\" == \"external\") {    true;} else {    false;}"},"type":"$IW_SCRIPT"},"TaskType":"Flow","isDeleted":""},{"TaskId":"Flow89","PropertyName":"Expression","VariableId":"ID1271703591161","VariableValue":{"value":{"id":"ID1271703591161","code":"if (\"$IW_CV(translation_type)\" == \"internal\") {    true;} else {    false;}"},"type":"$IW_SCRIPT"},"TaskType":"Flow","isDeleted":""},{"TaskId":"ReviewTask","PropertyName":"NoOfReviewers","VariableId":"reviewer","VariableValue":{"type":"$IW_REVIEWER","value":{"id":"reviewer","label":"Translation Reviewer","noOfReviewers":1,"description":"The user who will be reviewing the translation work.","isHidden":false,"isReadOnly":false,"reviewers":"u-root","users":"$IW_DS(g11n_reviewers),root","groups":""}},"TaskType":"","isDeleted":""},{"TaskId":"Workflow Properties1","PropertyName":"Variables","VariableId":"exclude_page_file","VariableValue":{"value":{"id":"exclude_page_file","isHidden":false,"description":"Should LiveSite .page files be excluded from external vendor translation work?","isReadOnly":false,"label":"Filter Type","defaultValue":""},"type":"$IW_CV"},"TaskType":"ModelProperties","isDeleted":""},{"TaskId":"Flow125","PropertyName":"Expression","VariableId":"ID1271452472000","VariableValue":{"value":{"id":"ID1271452472000","code":"if (\"$IW_CV(translation_type)\" == \"internal\") {    true;} else {    false;}"},"type":"$IW_SCRIPT"},"TaskType":"Flow","isDeleted":""},{"TaskId":"ReviewTask","PropertyName":"Available Users","VariableId":"g11n_reviewers","VariableValue":"","TaskType":"","isDeleted":""},{"TaskId":"Flow127","PropertyName":"Expression","VariableId":"ID1271452551234","VariableValue":{"value":{"id":"ID1271452551234","code":"if (\"$IW_CV(translation_type)\" == \"external\") {    true;} else {    false;}"},"type":"$IW_SCRIPT"},"TaskType":"Flow","isDeleted":""},{"TaskId":"Build Manifest and Set Translation Status","PropertyName":"Variables","VariableId":"translation_type","VariableValue":{"value":{"id":"translation_type","isHidden":false,"description":"The intended destination for the translation work - internal or external translation","isReadOnly":false,"label":"Translation Type","defaultValue":"internal"},"type":"$IW_CV"},"TaskType":"URLTask","isDeleted":""},{"TaskId":"Translation Review","PropertyName":"Available Users","VariableId":"g11n_reviewers","VariableValue":{"value":{"id":"g11n_reviewers","isHidden":true,"description":"Users to review the translated content","isReadOnly":true,"label":"Translation Reviewers","defaultValue":"","datasource":"Globalization Reviewers"},"type":"$IW_DS"},"TaskType":"ReviewTask","isDeleted":""},{"TaskId":"Translation Review","PropertyName":"NoOfReviewers","VariableId":"reviewer","VariableValue":{"type":"$IW_REVIEWER","value":{"id":"reviewer","label":"Translation Reviewer","noOfReviewers":1,"description":"The user who will be reviewing the translation work.","isHidden":false,"isReadOnly":false,"reviewers":"u-$IW_DS(g11n_reviewers)","users":"$IW_DS(g11n_reviewers),","groups":""}},"TaskType":"ReviewTask","isDeleted":""}]}