<?xml version="1.0" encoding="UTF-8"?>
<ProcessModelConfiguration xmlns="http://www.interwoven.com/schema/modelConfig"><Script id="ID1271703625380"><Source><![CDATA[if ("$IW_CV(translation_type)" == "external") {    true;} else {    false;}]]></Source><Property name="NodeId">Flow90</Property><Property name="PropertyName">Expression</Property><Property name="NodeType">Flow</Property></Script><Script id="ID1271703591161"><Source><![CDATA[if ("$IW_CV(translation_type)" == "internal") {    true;} else {    false;}]]></Source><Property name="NodeId">Flow89</Property><Property name="PropertyName">Expression</Property><Property name="NodeType">Flow</Property></Script><Config id="exclude_page_file"><Label>Filter Type</Label><Description>Should LiveSite .page files be excluded from external vendor translation work?</Description><Value></Value><Hidden>false</Hidden><Readonly>false</Readonly><Property name="NodeId">Workflow Properties1</Property><Property name="Mandatory">false</Property><Property name="PropertyName">Variables</Property><Property name="NodeType">ModelProperties</Property><Property name="UIWidget">text</Property><Property name="IsGlobal">false</Property></Config><Datasource id="g11n_reviewers"><Label>Translation Reviewers</Label><Description>Users to review the translated content</Description><Component type="DataSource">Globalization Reviewers</Component><Value></Value><Hidden>true</Hidden><Readonly>true</Readonly><Property name="NodeId">Translation Review</Property><Property name="Mandatory">false</Property><Property name="PropertyName">Available Users</Property><Property name="NodeType">ReviewTask</Property><Property name="UIWidget">text</Property><Property name="IsGlobal">false</Property></Datasource><Script id="ID1271452472000"><Source><![CDATA[if ("$IW_CV(translation_type)" == "internal") {    true;} else {    false;}]]></Source><Property name="NodeId">Flow125</Property><Property name="PropertyName">Expression</Property><Property name="NodeType">Flow</Property></Script><NoOfReviewers id="reviewer" minNoReviewers="1"><Label>Translation Reviewer</Label><Description>The user who will be reviewing the translation work.</Description><Users>$IW_DS(g11n_reviewers),</Users><Groups></Groups><Reviewers>u-$IW_DS(g11n_reviewers)</Reviewers><Hidden>false</Hidden><Readonly>false</Readonly><Property name="NodeId">Translation Review</Property><Property name="Mandatory">false</Property><Property name="PropertyName">NoOfReviewers</Property><Property name="NodeType">ReviewTask</Property><Property name="UIWidget">review</Property><Property name="IsGlobal">false</Property></NoOfReviewers><Config id="translation_type"><Label>Translation Type</Label><Description>The intended destination for the translation work - internal or external translation</Description><Value>internal</Value><Hidden>false</Hidden><Readonly>false</Readonly><Property name="NodeId">Build Manifest and Set Translation Status</Property><Property name="Mandatory">false</Property><Property name="PropertyName">Variables</Property><Property name="NodeType">URLTask</Property><Property name="UIWidget">text</Property><Property name="IsGlobal">false</Property></Config><Script id="ID1271452551234"><Source><![CDATA[if ("$IW_CV(translation_type)" == "external") {    true;} else {    false;}]]></Source><Property name="NodeId">Flow127</Property><Property name="PropertyName">Expression</Property><Property name="NodeType">Flow</Property></Script></ProcessModelConfiguration>
